name,airport_code,description,cuisine
Bottega Bar,AUH,"An Italian bar offering antipasti, wine, and light bites with a focus on Italian ingredients and regional flavors.",Italian Bar
Culto Cafe,AUH,"A cafe serving espresso drinks, pastries, and light Italian-style snacks in a casual setting.",Coffee & Cafe
Levito: Pizza – Pasta,AUH,An Italian restaurant specializing in hand-tossed pizzas and freshly made pasta dishes.,Italian
Operation Falafel,AUH,"A Middle Eastern street food spot serving falafel wraps, shawarma, hummus, and other Levantine snacks.",Middle Eastern
Pana,AUH,"A bar and cafe offering international light bites, sandwiches, and beverages including coffee and cocktails.",International Cafe
Patamar,AUH,"An Indian and Asian restaurant serving curries, rice dishes, and other South and Southeast Asian specialties.",Indian & Asian
Patamar To Go,AUH,"A grab-and-go counter offering Indian and Asian ready-to-eat meals, snacks, and beverages.",Indian & Asian
Pier D,AUH,"A bar and international dining spot serving a broad menu of light meals, snacks, and drinks.",International Bar
Shawa,AUH,"A Lebanese and Middle Eastern eatery serving shawarma, mezze, grilled meats, and traditional flatbreads.",Lebanese
Taste of India,AUH,"An Indian restaurant offering curries, tandoor dishes, biryanis, and classic subcontinental comfort food.",Indian
The Daily,AUH,"A casual international cafe serving breakfast items, sandwiches, salads, and coffee throughout the day.",International Cafe
The Majilis,AUH,A Middle Eastern and international restaurant offering Arabic-inspired dishes alongside global comfort food in a lounge-style setting.,Middle Eastern
The Meat District,AUH,"An American-style burger and grill restaurant serving burgers, steaks, and hearty meat-focused dishes.",American
Todd English Market & Pub,AUH,"Celebrity chef Todd English's first airport restaurant, offering an eclectic menu of sushi, homemade pizza, pasta, rotisserie chicken, gourmet steaks, and Chinese classics.",International
VIT,AUH,"A juice bar and cafe specializing in fresh-pressed juices, smoothies, and light cafe snacks.",Juice Bar
Yasamin,AUH,"An international cafe and bar offering a varied menu of drinks, light meals, and snacks for travelers.",International Cafe
Amsterdam Bread Co.,AMS,"A bakery and cafe serving fresh-baked breads, sandwiches, pastries, and coffee for travelers on the go.",Bakery & Cafe
Birra Moretti Bar,AMS,An Italian beer bar serving Birra Moretti on tap alongside bar snacks and light bites.,Italian Bar
Bread!,AMS,"A quick-service bakery stall offering freshly made sandwiches, rolls, and breads for travelers.",Bakery
Bubbles Seafood & Winebar,AMS,"A seafood and wine bar known for oysters, smoked salmon, and a curated selection of wines and champagnes.",Seafood & Wine
Café Comunal,AMS,"A casual cafe offering coffee, snacks, and light meals in a relaxed communal setting.",Cafe
Café Rembrandt,AMS,"A Dutch-style cafe bar serving local beers, wines, and snacks with a classic Amsterdam ambiance.",Dutch Cafe
Crossroads,AMS,"An international bar and restaurant serving a broad menu of snacks, sandwiches, and drinks.",International Bar
Dammer's Tap,AMS,A Dutch-style tap room offering local and craft beers on draft alongside simple bar food.,Dutch Bar
Douwe Egberts Coffee Bar,AMS,"A specialty coffee bar from the iconic Dutch brand Douwe Egberts, serving espresso drinks, filter coffee, and light snacks.",Coffee Bar
Dutch Kitchen Bar & Cocktails,AMS,"A Dutch kitchen and cocktail bar offering traditional Dutch dishes, bitterballen, and a full cocktail menu.",Dutch
East Bar & Bites,AMS,A bar and snack counter serving light Asian-inspired bites and drinks near the eastern gates.,Asian Bar
Ancho,ATH,"A Mexican-inspired restaurant serving tacos, burritos, and other Tex-Mex and Mexican dishes.",Mexican
Artisan-Taf,ATH,A specialty coffee and artisan food outlet serving craft coffee drinks and freshly prepared snacks.,Coffee & Bakery
Barbadimos,ATH,A Greek taverna-style restaurant offering traditional Greek dishes including grilled meats and mezze.,Greek
Bistrot Attica Athens / Lukumades,ATH,A bistro and dessert counter serving Greek loukoumades (honey-dipped doughnuts) alongside bistro-style snacks and coffee.,Greek Cafe
Bufala Gelato,ATH,A gelato shop serving Italian-style artisan ice cream in a variety of classic and seasonal flavors.,Gelato
Coffee Berry,ATH,"A Greek coffee chain serving a range of espresso drinks, frappes, and light cafe snacks.",Coffee Bar
Cultivos,ATH,"A cafe and snack bar offering healthy bowls, sandwiches, and fresh juices.",Healthy & Cafe
EASY grab-n-go,ATH,"A convenience grab-and-go stall offering pre-packaged sandwiches, snacks, and beverages for quick purchase.",Grab & Go
Eat Greek,ATH,"A Greek kitchen serving authentic dishes including gyros, cumin meatballs, chicken, and lamb kleftiko.",Greek
Ergon Greek Cuisine,ATH,"A stylish Greek restaurant and deli featuring artisanal Greek products and dishes made from regional ingredients including cheeses, charcuterie, and traditional recipes.",Greek
Everest,ATH,"A popular Greek fast food chain serving toasted sandwiches, pies, pastries, and Greek-style snacks.",Greek Fast Food
Everest Exclusive,ATH,"A premium sit-down version of the Everest brand, serving Greek pies, sandwiches, salads, and hot snacks.",Greek Fast Food
Flocafe Espresso Room,ATH,"A Greek espresso cafe chain serving specialty coffees, frappes, pastries, and light snacks.",Coffee Bar
Green Veneti 1948,ATH,"A bakery and patisserie with roots in 1948, serving traditional Greek pastries, breads, and coffee.",Bakery & Cafe
Gregory's,ATH,"A well-known Greek fast food chain serving toasted sandwiches, hot dogs, pastries, and coffee drinks.",Greek Fast Food
Holy Burger,ATH,"A Greek burger chain serving gourmet burgers, fries, and shakes with quality ingredients.",Burgers
Kayak,ATH,"A bar and cafe offering cocktails, beer, and light snacks for travelers waiting for flights.",Bar & Cafe
Koi Sushi Bar,ATH,"A sushi bar serving fresh nigiri, maki rolls, and other Japanese staples for a quick Japanese meal.",Japanese Sushi
Koulourades,ATH,A Greek specialty counter serving kouloures (sesame bread rings) and traditional Greek baked snacks.,Greek Bakery
La Pasteria - Flocafe,ATH,"A combined Italian restaurant and espresso cafe serving pizza, pasta, and coffee drinks with a view of the runway.",Italian & Cafe
Mailo's The Pasta Project,ATH,An Italian-style pasta restaurant offering a focused menu of freshly prepared pasta dishes.,Italian
Mon Kooloor,ATH,A specialty Greek snack bar focusing on traditional kouloures and sesame-based street snacks.,Greek Snacks
The Beer House,ATH,A craft beer bar offering a rotating selection of Greek and international beers alongside bar snacks.,Craft Beer Bar
To Go,ATH,"A quick grab-and-go counter offering packaged snacks, sandwiches, and beverages for travelers in a hurry.",Grab & Go
Veneti,ATH,"A Greek bakery and patisserie chain with roots since 1948, serving traditional pastries, breads, tyropitas, and coffee.",Greek Bakery
Veneti-GO!,ATH,"The express grab-and-go format of the Veneti bakery, offering quick access to Greek pastries, pies, and coffee.",Greek Bakery
Aspire Lounge,BHX,"A premium airport lounge offering a buffet of hot and cold food, alcoholic drinks, and comfortable seating for eligible travelers.",Lounge
Aspire Lounge South,BHX,"A second Aspire Lounge location offering food, drinks, and relaxation facilities for lounge access holders.",Lounge
Bottega Prosecco Bar,BHX,"A prosecco and Italian wine bar serving Bottega sparkling wines, Aperol spritzes, and light Italian snacks.",Wine Bar
Chaiiwala,BHX,"A halal Indian street food cafe serving karak chai (spiced tea), masala chips, samosas, wraps, and an English-style breakfast with Indian flavors.",Indian Street Food
Clubrooms by No. 1,BHX,"A premium lounge offering food, beverages, and business amenities for qualifying travelers.",Lounge
Indian Brewery,BHX,A Birmingham craft brewery bar serving their own-brewed Indian-inspired ales and lagers alongside bar snacks.,Craft Beer Bar
No. 1 Traveller Lounge,BHX,"A premium independent airport lounge offering complimentary food, drinks, and relaxation for travelers.",Lounge
Shelby and Co,BHX,"A Peaky Blinders-themed bar and kitchen serving all-day British pub classics and Birmingham-inspired dishes including fish and chips, eggs Benedict, and hearty breakfast baps.",British
The Emirates Lounge,BHX,"The dedicated Emirates airline lounge offering complimentary food, premium beverages, and full lounge services for business and first-class passengers.",Lounge
The Factory Bar and Kitchen,BHX,"A bar and kitchen serving casual British pub food including burgers, sharing plates, and drinks.",British Pub
Aim Deli,BKK,"A deli-style counter offering sandwiches, light meals, and snacks for travelers.",Deli
Aroi Restaurant,BKK,"A Thai restaurant serving classic dishes such as pad thai, green curry, and stir-fries.",Thai
Asian Corner,BKK,"A pan-Asian restaurant offering dishes from across East and Southeast Asia including noodles, rice dishes, and soups.",Asian
Charm Boat Noodle,BKK,A Thai noodle restaurant specializing in boat noodles — small-bowl Thai noodle soup traditionally served with pork or beef broth.,Thai
Chaw X Lavazza,BKK,A coffee shop partnership serving Lavazza espresso drinks alongside light snacks and pastries.,Coffee Shop
China Town,BKK,"A Chinese restaurant serving dim sum, roast meats, noodle soups, and other Cantonese and Chinese staples.",Chinese
Coffee World,BKK,"A Thai coffee shop chain serving espresso-based drinks, blended coffees, and light cafe snacks.",Coffee Shop
Ess Corner Cafe,BKK,"A casual corner cafe serving coffee, tea, and quick Thai and international snacks.",Cafe
Imm Rice & Noodle,BKK,"A Thai rice and noodle restaurant offering a variety of Thai soups, stir-fried noodles, and rice-based dishes.",Thai
Juice & More,BKK,"A juice bar serving fresh-pressed tropical fruit juices, smoothies, and light healthy snacks.",Juice Bar
Kanom,BKK,A Thai dessert shop serving traditional Thai sweets and snacks such as kanom krok and coconut-based treats.,Thai Desserts
Kin Japanese Restaurant,BKK,"A Japanese restaurant serving sushi, ramen, tempura, and other Japanese staples.",Japanese
Koh Hop Bar,BKK,"A casual bar and restaurant with a broad menu spanning burgers, Thai dishes, pasta, sandwiches, seafood, and a full breakfast menu.",International
KOSUKE,BKK,"A Japanese restaurant serving a selection of sushi, udon noodles, and set meal options.",Japanese
Lee Cafe,BKK,"A Thai-style cafe serving local coffee, tea, and simple food items.",Thai Cafe
Luggaw,BKK,"A restaurant serving Thai congee (jok) and rice porridge-based dishes, a popular Thai breakfast staple.",Thai
Mango Star,BKK,A Thai dessert counter specializing in fresh mango with sticky rice and other mango-based Thai sweets.,Thai Desserts
Milch,BKK,"A milk tea and dessert bar offering Thai-style iced milk teas, boba, and sweet snacks.",Tea & Desserts
Pie Face,BKK,"An Australian-style pie shop serving savory pies, sausage rolls, and sweet pastries.",Bakery & Pies
REES Specialty Coffee,BKK,"A specialty coffee roaster and bar serving single-origin pour-overs, espresso drinks, and artisan pastries.",Coffee Shop
Ruam Samai,BKK,"A Thai restaurant offering a traditional menu of rice dishes, curries, and stir-fries.",Thai
S&P,BKK,"A well-known Thai restaurant and bakery chain serving Thai cuisine, cakes, and coffee drinks.",Thai
SENSIB Café,BKK,"A modern cafe concept serving specialty coffee, light meals, and artisan pastries.",Coffee Shop
Sushi Nama,BKK,"A sushi restaurant serving fresh nigiri, maki rolls, and Japanese set meals.",Japanese Sushi
Thai Street Food,BKK,"A casual counter serving traditional Thai street food dishes such as pad kra pao, som tam, and grilled skewers.",Thai Street Food
The Coffee Club,BKK,"An Australian cafe chain popular across Asia serving espresso drinks, all-day breakfast, and light cafe meals.",Coffee & Cafe
The Pizza Company,BKK,"A popular Thai-headquartered pizza chain serving American-style pizzas, pastas, and sides.",Pizza
The Villa Halal,BKK,"A halal-certified restaurant serving a range of Thai, Asian, and international dishes suitable for Muslim travelers.",Halal
Top Ten Thai Restaurant,BKK,"A Thai restaurant serving a wide menu of popular Thai dishes including curries, noodles, and rice-based plates.",Thai
Wawee Coffee,BKK,A Thai coffee chain from Chiang Mai known for its specialty Northern Thai coffee blends and cafe drinks.,Coffee Shop
Zurich Bread Café,BKK,"A European-style bread cafe serving freshly baked pastries, breads, and coffee.",Bakery & Cafe
Aj 1881,BOM,A cafe and bar serving Indian and international dishes in a refined setting inspired by Tata Group heritage.,Indian & International
All Good Deli,BOM,"A deli offering sandwiches, wraps, salads, and light bites for travelers seeking a quick healthy meal.",Deli
Amcha Katta,BOM,A Maharashtrian snack stall serving traditional Mumbai street food and local comfort foods.,Indian Street Food
Amreli,BOM,An Indian restaurant serving vegetarian Gujarati thalis and traditional North Indian dishes.,Indian Vegetarian
Amul Ice Cream Lounge,BOM,"An ice cream parlor from Amul — India largest dairy brand — serving ice creams, kulfi, and cold beverages.",Ice Cream
Asia 7,BOM,"A pan-Asian restaurant serving Chinese, Japanese, Thai, and other Southeast Asian dishes under one roof.",Asian
Baker Street,BOM,"A bakery and cafe serving freshly baked breads, pastries, sandwiches, and coffee.",Bakery & Cafe
Balaji,BOM,"A South Indian vegetarian restaurant serving dosas, idlis, vadas, and other classic South Indian dishes.",South Indian
Bar Fly,BOM,"A casual airport bar serving beer, cocktails, and bar snacks for travelers.",Bar
Bira 91 Taproom,BOM,"A taproom from Indian craft beer brand Bira 91, serving their range of craft beers alongside bar bites.",Craft Beer Bar
Black Dog Bar,BOM,A whisky-focused bar serving Black Dog Scotch whisky and other spirits alongside cocktails and snacks.,Whisky Bar
Blackberry,BOM,A cafe and snack bar offering light Indian and international bites alongside coffee and beverages.,Cafe
Boarding Bite,BOM,"A quick-service counter offering packaged snacks, sandwiches, and beverages for last-minute travelers.",Grab & Go
Budweiser Bar,BOM,A brand-themed bar serving Budweiser and other AB InBev beers alongside standard bar food.,Bar
Burger Taco Co,BOM,A casual fast food restaurant serving American-style burgers and Mexican-inspired tacos and wraps.,Burgers & Tacos
Ccd,BOM,"A Cafe Coffee Day outlet — India's largest coffee chain — serving espresso drinks, cold coffees, and snacks.",Coffee Shop
Chef café,BOM,A full-service cafe offering a wide Indian and international menu for sit-down meals or quick bites.,Indian & International
Clink Bar,BOM,"A contemporary bar serving cocktails, wines, and beers alongside light bar snacks.",Bar
Coffee Bean & Tea Leaf (CBTL),BOM,"An international coffee and tea chain serving espresso drinks, blended beverages, teas, and light pastries.",Coffee & Tea
Donna Italia,BOM,"An Italian restaurant serving pizza, pasta, antipasti, and classic Italian dishes.",Italian
Dosa Plaza,BOM,A South Indian restaurant chain specializing in an extensive menu of creative dosa varieties and traditional South Indian dishes.,South Indian
Flurys,BOM,"A beloved Kolkata-heritage tea room and patisserie serving English-style afternoon tea, sandwiches, pastries, and cakes.",Bakery & Tea Room
Foody's,BOM,A casual multi-cuisine food counter serving quick Indian and international snacks and meals.,Indian & International
Fresco,BOM,"A fresh food cafe offering salads, sandwiches, and light healthy meals.",Healthy & Fresh
Good Flippin' Burgers,BOM,An Indian gourmet burger brand serving smash burgers with quality beef and chicken patties and a range of sauces.,Burgers
Hoegaarden Bar,BOM,A Belgian wheat beer-branded bar serving Hoegaarden on tap with standard bar snacks.,Bar
Irish house,BOM,"An Irish pub-style bar and restaurant serving pub food including fish and chips, burgers, and a range of beers.",Irish Pub
Jumbo King,BOM,A Mumbai-born fast food chain famous for its vada pav — a spiced potato fritter in a bread bun — and other Indian fast food.,Indian Fast Food
Madras Coffee House,BOM,"A South Indian coffee house serving traditional filter coffee, idlis, dosas, and South Indian breakfast items.",South Indian
Manis Cafe,BOM,"A casual cafe offering coffee, light Indian snacks, and quick bites for travelers.",Indian Cafe
Messo,BOM,A modern cafe and snack bar serving a mix of Indian and international light meals and beverages.,Cafe
Mint & Mirchi,BOM,"An Indian restaurant serving North Indian dishes with bold spices, including curries, tandoor items, and street food.",Indian
Mitti Café,BOM,"A social enterprise cafe run by people with disabilities, serving Indian vegetarian meals and snacks.",Indian Vegetarian
Moti Mahal,BOM,"A heritage Indian restaurant chain credited with originating butter chicken and dal makhani, serving classic Mughlai and North Indian dishes.",Indian
Mumbai Se,BOM,"A restaurant celebrating Mumbai street food culture with dishes like vada pav, bhel puri, pav bhaji, and other city favorites.",Indian Street Food
Mumbai Snacks,BOM,"A snack counter serving quick Mumbai-style street food including chaat, samosas, and sandwiches.",Indian Snacks
Naashto,BOM,"A breakfast-focused cafe serving Indian breakfast staples like poha, upma, parathas, and chai.",Indian Breakfast
Naturals,BOM,A Mumbai-origin ice cream brand known for natural fruit-based ice creams made without artificial flavors.,Ice Cream
New York Burrito Company,BOM,"A Mexican-American fast food outlet serving burritos, tacos, quesadillas, and nachos.",Mexican
Ottoman Eats,BOM,"A Turkish and Middle Eastern restaurant serving kebabs, shawarma, hummus, and other Levantine dishes.",Turkish & Middle Eastern
Pasta Station,BOM,A casual pasta restaurant offering freshly prepared pasta in a range of classic Italian sauces.,Italian
Raju Omlet,BOM,"A Mumbai-style egg and omelette street food stall serving egg dishes, bhurji (scrambled eggs), and toast.",Indian Egg Dishes
Salad Bar,BOM,"A fresh salad counter serving customizable salads, grain bowls, and healthy wraps.",Healthy & Salads
Shawarma Shack,BOM,A Middle Eastern fast food stall serving chicken and lamb shawarma wraps with garlic sauce and pickles.,Middle Eastern
Shiv Sagar,BOM,"A Mumbai vegetarian restaurant chain serving Indian chat, chhole bhature, dosas, and South and North Indian vegetarian staples.",Indian Vegetarian
Squeeze Juice,BOM,"A juice bar serving cold-pressed and fresh fruit juices, smoothies, and healthy shots.",Juice Bar
Street Foods by Punjab Grill,BOM,"A quick-service counter from Punjab Grill serving Indian street food classics including chaat, tikka bites, and North Indian snacks.",Indian Street Food
The Cram Bar,BOM,"A casual airport bar offering cocktails, beers, and light bar snacks.",Bar
TIKG (The Indian Kebab Grill) Bar,BOM,"A bar and grill serving Indian kebabs, tikkas, and grilled meats alongside cocktails and Indian spirits.",Indian Grill
Zambar,BOM,"A coastal South Indian restaurant serving Kerala-style dishes including fish curry, appam, and coconut-based preparations.",South Indian
Alta Strada,BOS,"A regional Italian restaurant from chef Michael Schlow serving rustic pasta dishes, wood-fired pizzas, and antipasti.",Italian
B.GOOD,BOS,"A fast-casual burger and bowl restaurant serving humanely raised meat burgers, grain bowls, and salads with locally sourced ingredients.",American
Berkshire Farms Market,BOS,"A New England-themed market and deli serving grab-and-go sandwiches, local snacks, and regional food products.",Market & Deli
Boston Bruins Bar,BOS,"An officially licensed Boston Bruins-themed sports bar serving classic bar food, draft beers, and cocktails.",Sports Bar
Boston Harbor Distillery,BOS,"A bar and tasting room from a local Boston craft distillery, serving their whiskies, spirits, and cocktails.",Craft Spirits Bar
Boston Public Market,BOS,"An airport outpost celebrating New England food producers, offering local cheeses, charcuterie, prepared foods, and specialty groceries.",Market & Deli
Cheers,BOS,"A bar modeled after the iconic Boston TV sitcom Cheers, serving American pub fare including burgers, sandwiches, and New England seafood.",American Pub
Evolvending Vending Machine,BOS,"An automated vending machine offering healthy snacks, drinks, and grab-and-go food items.",Vending
Evolvending Vending Machines,BOS,"Automated vending machines stocking a range of snacks, beverages, and quick food items for travelers.",Vending
Fox & Flight,BOS,"A casual bar and restaurant serving American comfort food including burgers, sandwiches, and bar snacks alongside craft beers and cocktails.",American Bar
Gachi Sushi & Noodles,BOS,"A Japanese restaurant serving sushi rolls, nigiri, udon noodles, and ramen in a casual setting.",Japanese
Harvest & Vine Wine Bar,BOS,A wine bar offering an extensive selection of wines by the glass alongside cheese plates and light appetizers.,Wine Bar
Hemingway's Restaurant & Bar,BOS,"An American bar and restaurant named after the author, serving classic American dishes and cocktails.",American Bar
Hissho Sushi,BOS,A sushi kiosk chain serving fresh pre-made and made-to-order sushi rolls and nigiri.,Japanese Sushi
Ironside Fish & Oyster,BOS,"A New England seafood bar serving fresh oysters, clam chowder, lobster rolls, and other regional seafood specialties.",Seafood
J.B. Sullivan's,BOS,"An Irish-American pub serving traditional pub fare including burgers, wings, and sandwiches alongside draft beers.",Irish American Pub
Legal Sea Foods,BOS,"A beloved Boston seafood institution serving New England clam chowder, lobster, fresh fish, and oysters.",Seafood
Loretta's Last Call,BOS,"A honky-tonk bar and restaurant serving Southern BBQ, fried chicken, and country-style comfort food with live country music vibes.",Southern BBQ
Mija Cantina & Tequila Bar,BOS,"A Mexican cantina and tequila bar serving tacos, enchiladas, guacamole, and an extensive tequila and mezcal menu.",Mexican
Monica's Mercato,BOS,"A North End Boston Italian deli and market serving Italian sandwiches, antipasti, imported meats, cheeses, and pastries.",Italian Deli
Mount Comfort Coffee,BOS,A specialty coffee shop serving craft espresso drinks and light pastries.,Coffee Shop
N.E. MKT,BOS,"A New England market-style grab-and-go offering sandwiches, snacks, and local food products.",Market & Deli
Peet's at Night,BOS,"A late-night coffee shop concept from Peet's Coffee, serving espresso drinks, teas, and light snacks for evening travelers.",Coffee Shop
Roger's Fish Co.,BOS,"A casual New England seafood shack serving fried fish, fish tacos, clam strips, and lobster rolls.",Seafood
Sal's Pizza,BOS,A Boston-style pizza counter serving classic New York and New England-style pizza by the slice.,Pizza
Stephanie's,BOS,"An American bistro serving classic American comfort food including burgers, salads, pasta, and brunch staples.",American Bistro
Temazcal Cantina,BOS,"A Mexican-inspired cantina and bar serving tacos, guacamole, quesadillas, and a broad selection of tequilas.",Mexican
TICO,BOS,"A Latin American restaurant from chef Michael Schlow serving ceviche, tacos, empanadas, and other Latin-inspired small plates.",Latin American
Vineyard Grille,BOS,"An American grill and wine bar serving steaks, burgers, and grilled dishes alongside a curated wine list.",American Grill
Amo,BRU,A modern Belgian restaurant offering local and international dishes in a contemporary setting.,Belgian
Bar Festiv,BRU,"A festive-themed bar serving Belgian beers, wines, and snacks in a lively airport setting.",Bar
Beers & Cheers,BRU,"A Belgian beer bar with a wide selection of Belgian ales, trappist beers, and local brews alongside bar snacks.",Belgian Beer Bar
Belgorama,BRU,"A Belgian-themed restaurant showcasing Belgian culinary specialties including waffles, frites, mussels, and local beers.",Belgian
Belle & Belge,BRU,"A Belgian cafe and bar serving traditional Belgian snacks, pastries, and local beers.",Belgian Cafe
Bistrot Bakery,BRU,"A bakery-cafe serving fresh croissants, breads, sandwiches, and espresso drinks throughout the day.",Bakery & Cafe
Bistrot Bar,BRU,"A casual French-Belgian bistro bar serving wines, beers, and light bites in a relaxed setting.",Belgian Bistro
Black Pearls,BRU,A coffee and bubble tea bar serving specialty coffee drinks and Asian-style boba teas.,Coffee & Tea
Brewgate,BRU,A craft beer bar serving a rotating selection of Belgian and international craft beers alongside light pub food.,Craft Beer Bar
Café Comptoir,BRU,"A classic Belgian cafe serving espresso, pastries, and light savory snacks throughout the day.",Belgian Cafe
Guapa,BRU,"A Latin-inspired restaurant serving tapas, empanadas, and South American-influenced dishes.",Latin American
Gullivers Restaurant,BRU,A full-service international restaurant serving a broad menu of European and international dishes.,International
Hi! Brussels,BRU,"A Brussels-themed quick-service cafe celebrating local Belgian culture through sandwiches, snacks, and coffee.",Belgian Cafe
JAVA Coffee House,BRU,"A specialty coffee house serving a full range of espresso-based drinks, cold brews, and light cafe snacks.",Coffee Shop
Kimbo,BRU,A coffee bar from the Italian Kimbo brand serving authentic Italian espresso and coffee drinks.,Coffee Bar
Leffe Bar,BRU,"An official branded bar for Leffe Belgian abbey ales, serving the full Leffe range on tap alongside Belgian bar snacks.",Belgian Beer Bar
Panos,BRU,"A popular Belgian bakery chain serving freshly baked sandwiches, croissants, soups, and coffee.",Bakery & Cafe
Panos Sweet Bakery,BRU,"The dessert-focused Panos outlet offering Belgian waffles, pastries, cakes, and sweet treats.",Bakery & Desserts
Quick,BRU,"A Belgian fast food chain serving burgers, fries, and chicken items in the style of a European quick-service restaurant.",Fast Food
The Chocolate Shack by Dominique Persoone,BRU,"A premium Belgian chocolate boutique and tasting bar by master chocolatier Dominique Persoone, offering artisan pralines and hot chocolate.",Belgian Chocolate
Welcome Bar,BRU,"A welcoming arrivals bar serving Belgian beers, wines, and light snacks to arriving passengers.",Bar
Dicos,CAN,"A Chinese fast food chain serving fried chicken sandwiches, burgers, and sides in the style of American quick-service restaurants.",Fast Food
Guangzhou Restaurant,CAN,"A Cantonese restaurant serving traditional Guangzhou-style dim sum, roast meats, and regional Cantonese dishes.",Cantonese
Ji Xiang Hun Tun,CAN,A Chinese noodle and wonton restaurant serving wonton soups and noodle dishes in classic Cantonese style.,Chinese
Lanzhou Noodles,CAN,"A noodle restaurant specializing in Lanzhou-style hand-pulled beef noodle soup, a Northwest Chinese specialty.",Chinese Noodles
Lao Guang Ji,CAN,"A traditional Cantonese restaurant serving classic Guangdong dishes including rice porridge, stir-fries, and roasted meats.",Cantonese
Lok Tao,CAN,"A Chinese restaurant serving a broad range of Cantonese and Chinese dishes including congee, dumplings, and noodle soups.",Chinese
Master Kong / Meetrice,CAN,A Chinese fast food counter serving instant noodle-style dishes and quick rice-based meals inspired by the popular Master Kong brand.,Chinese Fast Food
Pacific Coffee,CAN,"A Hong Kong-based coffee chain serving espresso drinks, cold brews, and light cafe snacks widely popular across Asia.",Coffee Shop
Peter Steak House,CAN,"A steakhouse restaurant serving grilled steaks, Western-style mains, and set meal options.",Steakhouse
Tao Tao Ju,CAN,"A heritage Cantonese restaurant with roots in traditional Guangzhou cuisine, serving dim sum, noodles, and classic Chinese dishes.",Cantonese
Way Yu Lau,CAN,"A Cantonese seafood restaurant serving fresh seafood dishes, congee, and traditional Guangdong specialties.",Cantonese Seafood
Xiao Noodles,CAN,A casual noodle bar serving a variety of Chinese noodle soups and stir-fried noodle dishes.,Chinese Noodles
Bellota-Bellota,CDG,"A prestigious Spanish charcuterie boutique and restaurant specializing in jamón ibérico de bellota, the finest Iberian ham, along with Spanish wines and tapas.",Spanish
Bistrot Benoit,CDG,"An outpost of the classic Paris bistrot by chef Alain Ducasse, serving traditional French brasserie dishes including steak frites, onion soup, and crème brûlée.",French Bistro
Byzance Gourmet Food Bar,CDG,"A gourmet food bar serving Mediterranean and Middle Eastern-inspired dishes, mezze, and international street food.",Mediterranean
Café Eiffel,CDG,"A French-themed cafe serving croissants, baguette sandwiches, coffee, and classic French pastries.",French Cafe
Food & Café,CDG,"A casual grab-and-go cafe offering sandwiches, salads, pastries, and hot and cold beverages.",Cafe
I love Paris by Guy Martin,CDG,"A Paris-themed brasserie by Michelin-starred chef Guy Martin, serving refined French cuisine including classic bistro dishes and French specialties.",French
Kirei,CDG,"A Japanese-inspired fast-casual restaurant serving sushi, bento boxes, noodles, and Japanese-influenced dishes.",Japanese
La Table de Michel Roth,CDG,"A fine dining restaurant by Meilleur Ouvrier de France chef Michel Roth, serving classic French haute cuisine in an elegant setting.",French Fine Dining
Le Bar,CDG,"A stylish French bar serving wines, champagne, cocktails, and light French appetizers.",French Bar
Maison Pradier,CDG,"A Parisian patisserie and bakery serving French pastries, macarons, éclairs, and artisan breads.",French Bakery
Miyou,CDG,"A Japanese-French fusion restaurant serving delicate sushi, Japanese-inspired dishes, and French-Japanese desserts.",Japanese French
Paname Tap House,CDG,A craft beer tap house with a rotating selection of French and international craft beers alongside pub food.,Craft Beer Bar
Strada by It,CDG,"An Italian street food and pasta restaurant serving freshly made pasta, risottos, and classic Italian street-food dishes.",Italian
Sūshi,CDG,"A sushi restaurant serving a selection of fresh nigiri, maki rolls, and Japanese set meals.",Japanese Sushi
Café Nescafe,CMB,A Nescafe-branded coffee kiosk serving instant and barista-style coffee drinks alongside light snacks.,Coffee Shop
Ex Tea,CMB,"A tea and snack bar serving Sri Lankan-style milk teas, herbal teas, and light bites.",Tea & Snacks
Palm Strip Bar & Restaurant,CMB,A full-service bar and restaurant serving Sri Lankan and international dishes alongside cocktails and local beers.,Sri Lankan & International
Relax Inn,CMB,"A casual dining spot offering Sri Lankan and Asian snacks, rice-based meals, and beverages for travelers.",Sri Lankan
S.V.H. SNACKS,CMB,A snack counter offering quick bites and light Sri Lankan snacks for on-the-go travelers.,Sri Lankan Snacks
@café,DEL,"A modern airport cafe concept serving coffee, light Indian and continental snacks, and beverages.",Cafe
Airr Toast,DEL,"A quick-service toast and breakfast bar serving grilled sandwiches, toast varieties, and hot beverages.",Bakery & Cafe
Bercos,DEL,"A popular Delhi Chinese restaurant chain serving Indo-Chinese dishes including Manchurian, noodles, fried rice, and crispy preparations.",Indo-Chinese
Biryani Blues,DEL,"A biryani specialist restaurant chain serving dum-cooked Hyderabadi-style biryanis with chicken, mutton, and vegetable options.",Indian Biryani
Cafe Espresso,DEL,"A coffee shop serving espresso drinks, cappuccinos, and light cafe snacks.",Coffee Shop
Caffe Tonino,DEL,"An Italian-style cafe serving authentic espresso, cappuccinos, and Italian pastries.",Italian Cafe
Carnatic Café,DEL,"A South Indian restaurant celebrating Carnatic culture through dosas, idlis, filter coffee, and traditional Tamil and Karnataka dishes.",South Indian
Chaayos,DEL,"A popular Indian chai cafe chain serving customizable chai, masala teas, snacks, and light Indian meals.",Indian Chai & Cafe
Delhi Capitals,DEL,"An IPL cricket-team-themed sports bar and cafe serving snacks, beverages, and Indian street food in a cricket-themed setting.",Indian Sports Bar
Dilli Streat,DEL,"A Delhi street food restaurant celebrating the city famous chaat, chole bhature, aloo tikki, and other iconic local snacks.",Indian Street Food
Dosa factory & Noodle,DEL,"A combined South Indian and Asian noodle restaurant serving dosas, idlis, and stir-fried noodle dishes.",South Indian & Asian
Flying Bites,DEL,A quick-service snack counter offering light Indian and continental bites for busy travelers.,Grab & Go
Franks,DEL,"A casual American-style diner and bar serving burgers, hot dogs, sandwiches, and comfort food.",American
Fresh & Healthy,DEL,"A health food counter serving fresh salads, fruit bowls, smoothies, and light healthy snacks.",Healthy & Fresh
Grab & Go,DEL,"A convenience counter stocking pre-packaged sandwiches, snacks, and beverages for quick pickup.",Grab & Go
Gujrati Svado,DEL,"A Gujarati vegetarian restaurant serving traditional Gujarati thali, dhokla, farsan, and other regional snacks.",Gujarati Vegetarian
Hatti Kappi,DEL,A Karnataka-based specialty filter coffee chain serving authentic South Indian filter coffee and light snacks.,South Indian Coffee
Hello Goodbye Bar,DEL,"A themed bar serving cocktails, beers, and bar snacks for departing and arriving passengers.",Bar
Ile Bar,DEL,"A casual airport bar serving Indian spirits, cocktails, beers, and bar snacks.",Bar
Krispy Kreme Kiosk,DEL,A Krispy Kreme doughnut kiosk serving the brand's signature glazed and filled doughnuts alongside coffee.,Doughnuts & Coffee
Moti Mahal Deluxe,DEL,"A heritage Indian restaurant known for North Indian dishes including butter chicken, dal makhani, and tandoori preparations.",Indian
Mumbai Central,DEL,"A Mumbai-style snack and restaurant concept serving vada pav, pav bhaji, bhel puri, and other Mumbai street food classics.",Indian Street Food
Nescafe,DEL,A Nescafe coffee kiosk serving instant and machine-brewed coffee drinks and packaged snacks.,Coffee Kiosk
Network 18 Café,DEL,"A media-branded cafe offering coffee, snacks, and light meals in a news and media-themed setting.",Cafe
Noodle Wok,DEL,"An Asian noodle restaurant serving stir-fried noodles, soups, and rice dishes in pan-Asian style.",Asian Noodles
Papparoti,DEL,A Malaysian bakery chain famous for its signature coffee bun — a soft bun glazed with a coffee and butter topping.,Bakery & Coffee
Punjabi Kulfi,DEL,"A traditional Indian frozen dessert counter serving kulfi — a dense, creamy Indian ice cream — in classic Punjabi flavors.",Indian Desserts
Round D Clock,DEL,"A 24-hour dining counter serving Indian meals, sandwiches, and snacks around the clock.",Indian & International
The Irish House,DEL,"An Irish-styled pub chain serving pub food, burgers, fish and chips, and a wide selection of beers and cocktails.",Irish Pub
Theobroma,DEL,"A popular Mumbai-origin patisserie and cafe serving brownies, sandwiches, cakes, and artisan desserts.",Bakery & Cafe
Aletitude,DEN,A Colorado-themed craft beer and spirits bar serving local brews and cocktails at altitude.,Craft Beer Bar
Aviano Coffee,DEN,A Denver specialty coffee roaster and cafe serving single-origin espresso drinks and light pastries.,Coffee Shop
Aviator's Sports Bar & Bar-B-Que,DEN,"A sports bar and BBQ restaurant serving smoked meats, barbecue ribs, wings, and draft beers alongside game screens.",BBQ & Sports Bar
Bar Dough,DEN,"A Denver Italian restaurant and bar serving handmade pastas, wood-fired pizzas, and Italian cocktails.",Italian
Barista Bot Robotic Vending,DEN,An automated robotic coffee machine serving freshly brewed espresso drinks without a human barista.,Coffee Kiosk
Blue Sky Bar,DEN,"A casual bar serving cocktails, beers, and light bar snacks with a Colorado-inspired atmosphere.",Bar
Breckenridge Brewery,DEN,"A tap room from the well-known Colorado craft brewery Breckenridge, serving their ales and lagers alongside burgers and pub food.",Craft Beer Bar
Brothers BBQ,DEN,"A Colorado BBQ institution serving slow-smoked brisket, ribs, pulled pork, and classic American barbecue sides.",American BBQ
Cantina Grill,DEN,"A Mexican-inspired fast-casual cantina serving burritos, tacos, quesadillas, and southwestern dishes.",Mexican
Caribou Coffee,DEN,"A Minnesota-based specialty coffee chain serving handcrafted espresso drinks, smoothies, and baked goods.",Coffee Shop
ChoLon Modern Asian,DEN,A contemporary Asian bistro from Denver chef Lon Symensma serving Vietnamese-inspired dishes with French and Chinese influences.,Modern Asian
City Pho,DEN,"A Vietnamese pho restaurant serving traditional beef and chicken pho, spring rolls, and Vietnamese staples.",Vietnamese
City Wok,DEN,"A Chinese stir-fry restaurant serving Americanized Chinese dishes including lo mein, fried rice, and orange chicken.",Chinese
Colorado Collective Marketplace,DEN,"A marketplace concept featuring Colorado artisan food producers, offering local snacks, prepared meals, and regional specialties.",Market & Deli
Coors Silver Bullet Bar,DEN,A branded bar serving Coors Light and other Molson Coors beers alongside standard bar snacks.,Bar
Cru Wine Bar,DEN,A wine bar serving a curated selection of wines by the glass alongside artisan cheese plates and light bites.,Wine Bar
D Bar,DEN,"A Denver dessert bar and pastry shop from acclaimed pastry chef Keegan Gerhard, serving creative cakes, pastries, and cocktails.",Desserts & Bar
Dazbog Coffee,DEN,"A Colorado-based specialty coffee chain serving handcrafted espresso drinks, teas, and snacks.",Coffee Shop
Denver Central Market,DEN,"An airport version of the popular Denver food hall concept, showcasing local vendors with sandwiches, coffee, juices, and prepared foods.",Market & Deli
Denver Street Eats,DEN,"A quick-service counter celebrating Denver street food culture with tacos, burritos, and local snacks.",American
El Chingon,DEN,"A Denver-based Mexican restaurant serving traditional Mexican tacos, enchiladas, and dishes inspired by Mexico City street food.",Mexican
Elway's,DEN,"A classic Denver steakhouse from NFL legend John Elway, serving prime steaks, seafood, and American comfort food.",American Steakhouse
Elway's Taproom and Grill,DEN,"A casual offshoot of Elway's steakhouse concept, serving burgers, sandwiches, Colorado beers, and grill items.",American Grill
Fat Sully's Pizza NY Pizza,DEN,"A New York-style pizza spot serving large, foldable slices with classic cheese and toppings options.",Pizza
Great Divide Brewing,DEN,A Denver craft brewery tap room serving their award-winning ales and stouts alongside pub food.,Craft Beer Bar
Kabod Coffee,DEN,A specialty coffee shop serving artisanal espresso drinks and light cafe snacks.,Coffee Shop
La Casita,DEN,"A Mexican fast-casual restaurant serving tacos, burritos, enchiladas, and traditional Mexican comfort food.",Mexican
Lavazza,DEN,"A coffee bar from the iconic Italian brand Lavazza serving authentic Italian espresso, cappuccinos, and light Italian snacks.",Coffee Bar
Little Man Ice Cream,DEN,An iconic Denver ice cream shop famous for handcrafted small-batch ice cream in creative seasonal flavors.,Ice Cream
Marczyk Fine Foods,DEN,"A Denver gourmet grocery and deli offering artisan sandwiches, cheese boards, specialty provisions, and prepared meals.",Gourmet Deli
Maria Empanada,DEN,A Denver bakery specializing in Argentinian-style empanadas in a variety of savory and sweet fillings.,Argentinian
Mercantile Dining & Provision,DEN,A farm-to-table restaurant from Denver chef Alex Seidel serving seasonal American dishes sourced from local Colorado producers.,American Farm-to-Table
Mizu Sushi Izakaya,DEN,"A Japanese izakaya and sushi bar serving sake, small plates, sushi rolls, and grilled skewers.",Japanese
Modern Market,DEN,"A Colorado-based health-focused restaurant serving chef-crafted burgers, bowls, salads, and pastas using fresh ingredients.",American
Mr. Oso by Senor Bear,DEN,"A Latin American restaurant serving ceviche, empanadas, tacos, and cocktails inspired by the Denver Señor Bear concept.",Latin American
New Belgium Brewing,DEN,"A Colorado craft brewery tap room best known for Fat Tire amber ale, serving their full range of craft beers alongside bar food.",Craft Beer Bar
Novo Coffee,DEN,"A Denver specialty coffee roaster serving pour-over coffees, espresso drinks, and single-origin blends.",Coffee Shop
Olive & Finch Grab & Go,DEN,"A grab-and-go counter from Denver's Olive & Finch, offering fresh sandwiches, soups, salads, and pastries.",Grab & Go
Osteria Marco,DEN,"A Denver Italian restaurant serving house-cured meats, wood-fired pizzas, handmade pastas, and Italian wines.",Italian
Root Down,DEN,"A Denver restaurant emphasizing globally inspired plant-based and vegetarian dishes with locally sourced, organic ingredients.",Vegetarian & Global
Root Down DIA,DEN,"The airport location of Root Down, serving the same plant-forward global menu with vegetarian and vegan-friendly options.",Vegetarian & Global
Rosenberg's Bagels & Delicatessen,DEN,"A New York-style Jewish deli serving hand-rolled bagels with lox, schmear, and classic deli sandwiches.",Jewish Deli
Salt & Grinder,DEN,"A Denver sandwich shop serving artisan hoagies, Italian subs, and grinder-style sandwiches with quality deli meats.",Sandwiches
Salt & Smoke,DEN,"A Colorado-style smokehouse serving slow-smoked meats, ribs, brisket, and classic BBQ sides.",American BBQ
Santo,DEN,"A Mexican restaurant serving a wide range of traditional Mexican dishes including enchiladas, tacos, and house margaritas.",Mexican
Slater's 50/50,DEN,"A specialty burger bar known for their 50/50 burger made with a blend of ground beef and bacon, plus creative toppings.",Burgers
SMASHBURGER & Bar,DEN,"A smash burger restaurant serving thin, crispy-edged burgers with a full bar offering cocktails and beers.",Burgers & Bar
Snarf's Sandwiches,DEN,"A Denver-based sandwich chain serving hot and cold subs, hot sandwiches, and fresh-made hoagies.",Sandwiches
Snooze an A.M. Eatery,DEN,"A Denver breakfast and brunch restaurant serving creative pancakes, eggs Benedicts, French toast, and morning cocktails.",Breakfast & Brunch
Steve's Snappin' Dogs,DEN,"A Denver hot dog stand serving creative gourmet hot dogs, bratwursts, and classic ballpark-style snacks.",Hot Dogs
Sunset Loop Bar & Grill,DEN,"A bar and grill serving American pub fare including burgers, wings, nachos, and draft beers.",American Bar & Grill
Sunset Loop Market,DEN,"A market-style grab-and-go concept offering fresh sandwiches, salads, snacks, and beverages.",Market & Deli
Superfruit Republic,DEN,"A smoothie and fresh juice bar serving blended fruit drinks, acai bowls, and healthy snacks.",Juice & Smoothies
Tacos Tequila Whiskey,DEN,A Denver Mexican bar and restaurant serving creative street tacos alongside tequila cocktails and whiskey selections.,Mexican
Tapas Sky Bar,DEN,"A Spanish-inspired tapas bar serving small plates, pintxos, and a range of wines and cocktails.",Spanish Tapas
Teatulia Tea & Coffee Bar,DEN,"A Colorado tea and coffee brand serving organic loose-leaf teas, chai lattes, and specialty coffee drinks.",Tea & Coffee
The Bagel Deli,DEN,"A Denver Jewish deli institution serving classic New York-style bagels with lox, cream cheese, and deli sandwich toppings.",Jewish Deli
The Bindery,DEN,"A Denver chef-driven restaurant serving contemporary American food with an emphasis on fresh, seasonal ingredients.",American
The Magic Pan,DEN,A crepe and French-inspired cafe serving both sweet and savory crepes alongside coffee and light bites.,French Crepes
Timber's,DEN,"A Colorado-themed bar and grill serving American comfort food, steaks, and Rocky Mountain-inspired dishes.",American Bar & Grill
True Food Kitchen,DEN,"A health-focused restaurant chain built around anti-inflammatory ingredients, serving seasonal bowls, salads, flatbreads, and plant-forward dishes.",Healthy & Organic
Uncle,DEN,"A Denver ramen and Japanese noodle restaurant serving tonkotsu, shoyu, and vegetarian ramen with rich broths.",Japanese Ramen
Williams & Graham,DEN,"An airport outpost of Denver acclaimed speakeasy-style cocktail bar, serving craft cocktails and light bar bites.",Cocktail Bar
Woody Creek Bakery & Cafe,DEN,"A Colorado-focused bakery and cafe serving freshly baked pastries, soups, sandwiches, and coffee.",Bakery & Cafe
2.0 Taco & Tequila Bar,DFW,"A Tex-Mex taco bar serving creative tacos, enchiladas, and an extensive tequila and margarita menu.",Mexican
Artisan Market,DFW,"A gourmet market concept offering artisan sandwiches, local snacks, and specialty food products.",Market & Deli
Boar's Head Deli,DFW,A deli counter featuring premium Boar's Head meats and cheeses in fresh-made deli sandwiches and wraps.,Deli
Brewed,DFW,A coffee and craft beer bar serving specialty coffee drinks in the morning and craft beers in the afternoon and evening.,Coffee & Craft Beer
Cake Bar,DFW,"A Dallas-based bakery serving elaborately decorated cakes, cupcakes, and dessert bars.",Bakery & Desserts
Cousin's Back Porch,DFW,"A casual Southern-style porch bar serving Texas comfort food, beers, and BBQ snacks.",American
Cousin's Bar-B-Q,DFW,"A Dallas BBQ institution serving slow-smoked Texas-style brisket, ribs, and sausage with classic sides.",Texas BBQ
CRU Food & Wine Bar,DFW,"A wine bar serving over 50 wines by the glass alongside cheese boards, charcuterie, and small plates.",Wine Bar
Dallas Cowboys Club,DFW,An officially licensed Dallas Cowboys-themed sports club and restaurant serving American food and cocktails with football memorabilia throughout.,American Sports Bar
Dickey's Barbecue Pit,DFW,"A Texas-based BBQ chain serving hickory-smoked meats including brisket, pulled pork, and turkey with classic sides.",Texas BBQ
Drew Pearson's Sports 88,DFW,"A sports bar and restaurant themed around NFL Hall of Famer Drew Pearson, serving American bar food and beers.",American Sports Bar
Flying Saucer Draught Emporium,DFW,"A draught beer bar with a rotating selection of over 100 beers, mostly craft, alongside casual bar food.",Craft Beer Bar
Hickory,DFW,"A Texas BBQ and grill concept serving hickory-smoked meats, burgers, and hearty American comfort food.",Texas BBQ
Hickory by Kent Rathbun,DFW,"A chef-driven Texas BBQ restaurant from acclaimed Dallas chef Kent Rathbun, serving refined smoked meats, ribs, and Southern-inspired sides.",Texas BBQ
La Crème Coffee & Tea,DFW,"A premium coffee and tea cafe serving handcrafted espresso drinks, loose-leaf teas, and pastries.",Coffee & Tea
Lorena Garcia Tapas y Cocina,DFW,"A Venezuelan-American chef Lorena Garcia's concept serving Latin American tapas, arepas, and small plates.",Latin American
Love Shack,DFW,"A retro-themed burger joint from celebrity chef Tim Love, serving smash-style burgers with inventive toppings and Texas beers.",Burgers
Plum Market Bar,DFW,"A market-inspired bar and food hall serving craft cocktails, local beers, and gourmet grab-and-go items.",Bar & Market
Sonny Bryan's Smokehouse,DFW,"A Dallas BBQ legend since 1958, serving classic Texas smoked brisket, ribs, and links with traditional sides.",Texas BBQ
The Italian Kitchen by Wolfgang Puck,DFW,"A casual Italian restaurant concept from celebrity chef Wolfgang Puck, serving pizzas, pastas, and Italian classics.",Italian
The Rodeo Bar,DFW,"A Texas-themed bar serving cocktails, whiskey, and beers in a rodeo-inspired atmosphere with Texas comfort snacks.",Texas Bar
Trinity Groves Food Lockers,DFW,A food hall concept featuring multiple independent Dallas restaurants offering diverse cuisine options in a communal setting.,Food Hall
Trinity Groves Kitchen & Bar,DFW,A full-service kitchen and bar featuring Dallas-area chef concepts with an eclectic American and global menu.,American
Twisted Root,DFW,A Dallas-based gourmet burger bar serving creative burgers with unconventional toppings and fresh-cut fries.,Burgers
TX/MX,DFW,"A Texas-Mexican fusion restaurant serving Tex-Mex staples including nachos, fajitas, and breakfast tacos with Texas craft beers.",Tex-Mex
Uno Due Go,DFW,"A quick Italian concept serving pizza by the slice, pasta salads, and Italian-inspired fast food.",Italian
Whataburger,DFW,"A Texas fast food chain institution serving Whataburger jumbo burgers, breakfast taquitos, and thick-cut fries.",Fast Food
Whisk & Bowl,DFW,"A breakfast and lunch cafe serving made-to-order omelets, bowls, and fresh morning dishes.",Breakfast & Brunch
Airport Juice Bar,DOH,A juice bar serving fresh-squeezed and blended fruit and vegetable juices alongside smoothies.,Juice Bar
Airport Tandoor,DOH,"An Indian restaurant serving tandoor-cooked breads, kebabs, and curry dishes from the clay oven.",Indian
Baladna,DOH,"A Qatari dairy and cafe brand serving fresh milk drinks, laban, yogurt, juices, and light cafe snacks.",Cafe & Dairy
Baladna Express,DOH,"The express grab-and-go format of Baladna, offering quick dairy drinks, juices, and light snacks.",Cafe & Dairy
Basta,DOH,A Qatari-themed restaurant serving traditional Qatari and Middle Eastern dishes in a setting celebrating local culture.,Qatari & Middle Eastern
Burgeri,DOH,A burger restaurant serving American-style gourmet burgers with quality beef patties and creative toppings.,Burgers
Chac'late,DOH,"A chocolate boutique and cafe serving artisan chocolates, pralines, and hot chocolate drinks.",Chocolate & Desserts
Chapati & Karak,DOH,"An Indian street food cafe serving karak chai (spiced tea), chapati wraps, samosas, and other South Asian street snacks.",Indian Street Food
Daily Chef Noof,DOH,A Qatari home-cooking concept serving traditional Middle Eastern and Qatari dishes prepared in a home-style manner.,Qatari
Day2Day Eats,DOH,"A casual international cafe and snack bar offering sandwiches, wraps, pastries, and beverages throughout the day.",International Cafe
EatGreek Kouzina,DOH,"A Greek and Mediterranean restaurant serving gyros, mezze, grilled meats, and traditional Greek dishes.",Greek
Emporio Armani Ristorante,DOH,"A luxury Italian restaurant from the Armani brand serving refined Italian cuisine including handmade pasta, risotto, and seafood.",Italian
Evergreen Organics,DOH,"A health-focused organic cafe serving cold-pressed juices, smoothie bowls, salads, and plant-based snacks.",Healthy & Organic
Flat White Specialty Coffee,DOH,"A specialty coffee shop focused on flat whites, single-origin espresso, and precision-brewed coffee drinks.",Coffee Shop
FLO Café,DOH,"A Greek-inspired cafe serving espresso drinks, Greek pastries, and light Mediterranean snacks.",Greek Cafe
Food Market,DOH,A food court-style market offering international dining options from multiple cuisine stations.,Food Hall
Gordon Ramsay Burger,DOH,"A gourmet burger restaurant from celebrity chef Gordon Ramsay, serving premium burgers with high-quality beef and indulgent toppings.",Burgers
Gordon Ramsay Street Pizza,DOH,A pizzeria concept from Gordon Ramsay serving Roman-style street pizzas by the slice with creative toppings.,Pizza
HARRODS TEA ROOM,DOH,"A Harrods-branded British tearoom serving classic English afternoon tea with finger sandwiches, scones, and pastries.",British Tea Room
Jaipur,DOH,"An Indian restaurant serving traditional Rajasthani and North Indian dishes including curries, tandoor items, and Indian breads.",Indian
JAMOCHA CAFÉ,DOH,A specialty coffee and mocha bar serving a range of coffee and chocolate blended drinks alongside light snacks.,Coffee Shop
Jones the Grocer Social,DOH,"A gourmet cafe and casual restaurant concept from Jones the Grocer, offering specialty coffee, gourmet sandwiches, and all-day dining.",Gourmet Cafe
Jwala,DOH,"An Indian street food restaurant serving spicy chaats, wraps, and South Asian street snacks.",Indian Street Food
La Brioche Dorée,DOH,"A French bakery chain serving viennoiserie, croissants, baguette sandwiches, and freshly brewed coffee.",French Bakery
Last Call,DOH,"A late-night bar serving cocktails, beers, and bar snacks for international travelers on late departures.",Bar
Le Petit Camion,DOH,"A French food truck-style cafe serving crepes, sandwiches, and espresso drinks in a casual setting.",French Cafe
Le Petite Belge,DOH,"A Belgian-inspired cafe serving Belgian waffles, frites, beers, and European bites.",Belgian Cafe
Louis Vuitton Lounge,DOH,"An exclusive luxury lounge by Louis Vuitton serving French-inspired light bites, champagne, and premium beverages to VIP guests.",Luxury French
Maia Coffee & Chocolate,DOH,A specialty coffee and artisan chocolate boutique serving single-origin coffees and handcrafted chocolate confections.,Coffee & Chocolate
Orchard View,DOH,"An international restaurant serving a diverse menu of global dishes in a spacious, open dining setting.",International
Oreo Café,DOH,"A branded Oreo dessert cafe serving Oreo-themed drinks, ice cream, and cookie-inspired sweet treats.",Desserts & Cafe
Red Grill,DOH,"A steakhouse and grill serving prime cuts of beef, seafood, and international grilled dishes.",Steakhouse & Grill
Remman Cafe,DOH,"A Middle Eastern cafe serving Arabic coffee, pomegranate-based drinks, mezze, and traditional snacks.",Middle Eastern Cafe
Shawarma Station,DOH,A Middle Eastern fast food counter serving fresh chicken and meat shawarma wraps with garlic sauce and pickled vegetables.,Middle Eastern
Slicy,DOH,An Italian pizza-by-the-slice concept serving Roman-style pizza with a variety of fresh toppings.,Pizza
Snowflakes Ice Cream,DOH,"An ice cream shop serving a range of classic and creative flavors, milkshakes, and frozen dessert treats.",Ice Cream
Sweet Stop,DOH,"A sweets and confectionery counter offering Arabic pastries, baklava, chocolates, and Middle Eastern desserts.",Desserts & Sweets
The Noodle Cart,DOH,"An Asian noodle restaurant serving Southeast Asian-inspired noodle soups, stir-fried noodles, and rice dishes.",Asian Noodles
Usta,DOH,"A Turkish restaurant serving doner kebab, grilled meats, Turkish bread, and traditional Ottoman-inspired dishes.",Turkish
Work & Fly,DOH,"A co-working cafe concept offering coffee, light snacks, and workspace for traveling professionals.",Cafe & Co-working
Yum Cha,DOH,"A Chinese dim sum restaurant serving a classic yum cha menu of steamed dumplings, har gow, siu mai, and Cantonese small plates.",Chinese Dim Sum
Arthur Guinness Bar,DUB,"An officially themed bar celebrating Arthur Guinness and the Guinness heritage, serving stouts, Irish ales, and classic Irish pub snacks.",Irish Pub
Bewley's,DUB,"Ireland's iconic tea and coffee company with a long history, serving Bewley's teas, coffees, scones, and traditional Irish baked goods.",Irish Coffee & Tea
Bluebird Coffee Roasters,DUB,An Irish specialty coffee roaster serving carefully sourced single-origin espresso drinks and filter coffees.,Coffee Shop
Boxx,DUB,"A grab-and-go snack box concept offering pre-packed sandwiches, snacks, and beverages for busy travelers.",Grab & Go
Cibo,DUB,"An Italian-inspired cafe and deli serving fresh pasta, panini, espresso drinks, and Italian pastries.",Italian Cafe
Cloud Picker,DUB,"A Dublin-based specialty coffee roastery with a precise approach to coffee, serving pour-over, espresso, and brewing method drinks.",Coffee Shop
Cloud Picker - Gate 402,DUB,"A gate-side outpost of Dublin specialty roaster Cloud Picker, serving espresso drinks and light snacks.",Coffee Shop
Cloud Picker - Gate 409,DUB,"A second gate-side location of Cloud Picker specialty coffee, serving espresso-based drinks near departure gates.",Coffee Shop
Cuan,DUB,"A cozy Irish bar and cafe (named from the Irish for harbour) serving pints of Guinness, Irish beers, and pub food at Terminal 1 gates.",Irish Pub
Dubh,DUB,"An Irish-themed bar and restaurant serving traditional Irish food, Guinness, and whiskey in a contemporary setting.",Irish Pub
Dubh Express - Gate 417,DUB,"A quick-service express version of the Dubh bar concept, serving drinks and snacks near the gates.",Irish Pub
Fitzgeralds,DUB,"A traditional Irish-style pub and restaurant serving Guinness, Irish stout, pub grub, and classic Irish comfort food.",Irish Pub
Food Village,DUB,A food hall and market concept offering a variety of Irish and international food options in a communal dining space.,Food Hall
Fruitality,DUB,"A smoothie and juice bar serving blended fruit smoothies, acai bowls, and healthy fresh drinks.",Juice Bar
Jump Juice,DUB,"A juice bar offering freshly pressed fruit and vegetable juices, smoothies, and light healthy snacks.",Juice Bar
Kimbok,DUB,"A Korean-inspired restaurant serving Korean fried chicken burgers, kimchi-loaded fries, and Korean-flavored snacks.",Korean
Lilian's,DUB,"An all-day restaurant and bar named after Irish aviation pioneer Lilian Bland, serving Irish comfort food, brunch items, and a full drinks menu.",Irish
Marqette,DUB,A casual restaurant and bar serving contemporary Irish food and international dishes in a relaxed setting.,Irish & International
Moo Parlour,DUB,An artisan ice cream parlour serving handcrafted Irish dairy ice cream in classic and seasonal flavors.,Ice Cream
Nineteen40,DUB,"An Irish pub and bar with a vintage-inspired atmosphere, serving craft Irish beers, whiskeys, and classic pub food.",Irish Pub
Nomad,DUB,"A casual international cafe serving globally inspired dishes, coffee, and light bites for travelers.",International Cafe
Phoenix Lane - Gate 424,DUB,A casual bar and dining outlet serving Irish and international food alongside beers and cocktails near the south gates.,Irish & International
Phoenix Lane - South Gates,DUB,"A bar and food outlet at the south gates area, serving pub food and drinks before departure.",Irish & International
Phoenix Lane Express - Gate 114,DUB,A quick-service express bar and snack kiosk for last-minute travelers near Gate 114.,Irish & International
Phoenix Lane Express - Gate 336,DUB,An express bar and snack counter serving drinks and light bites near Gate 336.,Irish & International
Roasted Notes,DUB,"A specialty coffee bar serving carefully roasted espresso drinks, filter coffees, and light cafe snacks.",Coffee Shop
Ryan's,DUB,"A classic Irish pub bar serving Guinness, Irish stout, whiskeys, and traditional pub snacks.",Irish Pub
San Marco,DUB,"An Italian-style cafe serving espresso, pizza slices, panini, and light Italian snacks.",Italian Cafe
Street Kitchen,DUB,A street food-style kitchen serving international street food dishes and hot casual meals.,Street Food
SuperSubs,DUB,A sub sandwich counter serving freshly made foot-long sandwiches with a variety of fillings and toppings.,Sandwiches
Tap & Brew,DUB,A craft beer and coffee hybrid bar serving rotating craft beers on tap alongside specialty espresso drinks.,Craft Beer & Coffee
The Fallow Kitchen & Bar,DUB,A modern Irish kitchen and bar serving seasonal Irish ingredients in contemporary dishes alongside cocktails and local beers.,Modern Irish
The Garden Terrace,DUB,"A light and airy cafe and restaurant serving fresh salads, sandwiches, and hot meals with a garden-inspired atmosphere.",Irish Cafe
The Gate Clock,DUB,"A bar and cafe near the departure gates serving Irish beers, coffees, and quick snacks for outbound travelers.",Irish Bar
The Mezz,DUB,"A mezzanine-level bar and restaurant serving casual Irish food, pub staples, and drinks in a relaxed upstairs setting.",Irish & International
The Reserve,DUB,A premium whiskey bar showcasing an extensive selection of Irish and international whiskies with light bar bites.,Whiskey Bar
Whiskey Bread,DUB,"A bakery and whiskey-themed cafe serving Irish soda bread, freshly baked goods, and Irish whiskey-paired snacks.",Irish Bakery
Al Baraka Restaurant,DXB,"A Middle Eastern restaurant serving Arabic and South Asian halal dishes including biryanis, grills, and traditional rice dishes.",Middle Eastern
Al Dahleez,DXB,"An Emirati-themed restaurant serving traditional Emirati and Gulf Arabic dishes including machboos, harees, and grilled meats.",Emirati
Al Hallab,DXB,"A well-known Lebanese restaurant chain serving mezze, grilled meats, Lebanese sweets, and traditional Arabic dishes.",Lebanese
Al Musaharati,DXB,"An Emirati-inspired cafe and eatery serving traditional Gulf breakfast items, karak tea, and Ramadan-inspired local dishes.",Emirati
Al Takia,DXB,"A Levantine and Arabic restaurant serving kebabs, mezze, fattoush, and traditional Arabic slow-cooked dishes.",Middle Eastern
Amba restaurant,DXB,"An Indian restaurant serving a broad menu of North and South Indian dishes including curries, tandoor items, and rice dishes.",Indian
Arajeel,DXB,"An Arabic-themed lounge and restaurant serving shisha, Arabic coffee, dates, and traditional Gulf snacks.",Arabic
Ashrafi,DXB,"An Indian and Pakistani halal restaurant serving biryanis, curries, and South Asian comfort food.",South Asian
Ayyam Al Khair,DXB,A Gulf-style Arabic restaurant serving traditional Emirati and Levantine dishes in a cultural setting.,Gulf Arabic
Bangalore Empire Restaurant - Qusais,DXB,"A South Indian restaurant serving Bangalore-style biryani, curries, dosas, and Indian meat dishes.",South Indian
Baskin Robins,DXB,"A global ice cream chain serving a broad menu of flavored ice cream scoops, sundaes, and milkshakes.",Ice Cream
Belad Al Sham Rest.,DXB,"A Syrian and Levantine restaurant serving traditional Syrian dishes including shish taook, kibbeh, hummus, and fattoush.",Syrian
Blue Elephant Restaurant,DXB,"A renowned Thai restaurant chain serving authentic royal Thai cuisine with classic dishes like pad thai, green curry, and tom yum.",Thai
Brummanah Restaurant and Cafe,DXB,"A Lebanese cafe and restaurant serving Lebanese mezze, grills, and all-day cafe fare.",Lebanese
Cadiz,DXB,"A Spanish restaurant serving tapas, paella, seafood, and Spanish wines inspired by the coastal city of Cadiz.",Spanish
Caesars,DXB,"A casual restaurant serving classic salads, pasta, and international dishes in a relaxed setting.",International
Camdem Food Co.,DXB,"A British-inspired food concept serving hearty sandwiches, hot meals, and British-style snacks.",British
Casa Mia,DXB,"An Italian restaurant serving classic Italian dishes including pasta, risotto, pizza, and a selection of Italian wines.",Italian
Century Express,DXB,"A multi-cuisine cafeteria serving Indian, Chinese, and Arabic dishes for budget-conscious travelers.",Indian & International
Chicken Tikke Inn,DXB,"An Indian fast food counter serving chicken tikka, kebabs, and other Indian grilled meat dishes.",Indian Grill
Desi Village,DXB,"An Indian village-themed restaurant serving home-style North Indian dishes including dal, roti, and curries.",Indian
Dubai Surfing,DXB,"A casual bar and cafe serving cocktails, beers, and light snacks with a beach-inspired theme.",Bar & Cafe
Eagle Al SAQR Restaurant,DXB,"A Gulf-style restaurant serving Arabic and South Asian dishes including mandi rice, grilled meats, and seafood.",Gulf & Arabic
Eat & Drink Restaurant,DXB,"A casual all-day dining cafeteria serving a varied menu of Indian, Arabic, and international dishes.",International
Filli,DXB,"A popular Dubai karak tea brand serving traditional Gulf-style spiced tea (karak chai), snacks, and light cafe items.",Tea & Cafe
flour + stone,DXB,"A bakery and cafe serving freshly baked breads, artisan pastries, and coffee drinks.",Bakery & Cafe
Fruitzone,DXB,"A fresh fruit juice bar serving a variety of tropical and citrus juices, smoothies, and fruit snacks.",Juice Bar
Get Your FIX,DXB,"A specialty coffee shop serving handcrafted espresso drinks, cold brews, and light snacks.",Coffee Shop
Ghewar Coffe Shop,DXB,"A South Asian-influenced coffee and snack shop serving masala tea, karak, and Pakistani-style snacks.",South Asian Cafe
Golden Fork,DXB,"A casual multi-cuisine restaurant serving Indian, Arabic, and international dishes for a diverse clientele.",Indian & International
Golestan,DXB,"An Iranian restaurant serving traditional Persian dishes including kababs, ghormeh sabzi, rice dishes, and stews.",Persian
Hawaa Al Wedian,DXB,"An Arabic-themed restaurant serving traditional Gulf cuisine including machboos, grilled fish, and Emirati dishes.",Gulf Arabic
Hayat,DXB,"A Middle Eastern cafeteria serving Arabic breakfast items, shawarma, and halal quick meals.",Middle Eastern
India Palace,DXB,"An Indian restaurant serving a broad menu of North Indian curries, tandoor dishes, and biryanis.",Indian
Jack's Bar and Grill,DXB,"A casual American-style bar and grill serving burgers, steaks, sandwiches, and draft beers.",American Bar & Grill
Jailbird,DXB,"A gourmet fried chicken burger restaurant serving crispy chicken sandwiches, loaded fries, and milkshakes.",Fried Chicken
Jalasat,DXB,"A Gulf-themed Arabic cafe serving traditional Arabic coffee, dates, and Levantine snacks in a cultural setting.",Arabic Cafe
Kake Da Dhaba,DXB,"A dhaba-style Indian restaurant serving Punjabi comfort food including dal, chhole bhature, paratha, and curries.",Indian Punjabi
Karak,DXB,"A karak chai (spiced milk tea) specialty shop popular in the UAE, serving traditional Gulf-style tea and snacks.",Tea & Snacks
Karakccino,DXB,A specialty karak tea and coffee hybrid bar serving spiced chai combined with coffee-based drinks.,Tea & Coffee
Kiku,DXB,"A Japanese restaurant serving sushi, sashimi, ramen, and traditional Japanese cuisine in an elegant setting.",Japanese
Lebaneese,DXB,"A Lebanese restaurant serving classic mezze, shawarma, grilled meats, and traditional Lebanese pastries.",Lebanese
Light Cafeteria,DXB,"A simple cafeteria offering affordable Indian, Arabic, and Pakistani quick meals throughout the day.",South Asian
Long Yin,DXB,"A Chinese restaurant serving Cantonese and Pan-Chinese dishes including dim sum, noodles, and roasted meats.",Chinese
M's Beef Bistro,DXB,"A beef-focused bistro and steakhouse serving premium cuts, burgers, and beef-forward Western dishes.",Steakhouse
M's Seafood Bistro,DXB,"A seafood-focused bistro serving fresh fish, prawns, and shellfish dishes in Western and Asian styles.",Seafood
Mareb Mandi,DXB,A Yemeni restaurant specializing in mandi — slow-cooked rice and meat (chicken or lamb) slow-cooked in a tandoor pit.,Yemeni
Marhaba Mandi,DXB,"A mandi rice restaurant serving traditional slow-cooked Yemeni-style rice dishes with chicken, lamb, or fish.",Yemeni
Mr Toads Pub & Kitchen,DXB,"A British-style pub and kitchen serving classic English pub food including fish and chips, bangers and mash, and Sunday roasts.",British Pub
Méridien Village Terrace,DXB,"An open terrace restaurant associated with Le Méridien, serving international and Mediterranean-inspired dishes.",International
New Defood Restaurant,DXB,"A casual multi-cuisine restaurant serving Indian, Arabic, and Chinese dishes for a broad traveler audience.",Indian & International
Nuevo,DXB,A modern international cafe and restaurant serving global comfort food and contemporary dishes.,International
Nutella,DXB,"A Nutella branded cafe serving crepes, waffles, pancakes, and pastries topped with the iconic hazelnut spread.",Desserts & Cafe
Ponnusamy Restaurant,DXB,"A South Indian restaurant serving Chennai-style dishes including biryani, fish curries, dosas, and chettinad preparations.",South Indian
Qaser Casablanca Cafe,DXB,"A Moroccan-inspired cafe serving Moroccan mint tea, pastries, tagine-inspired snacks, and North African dishes.",Moroccan
Quick Bite Restaurant,DXB,"A fast-service cafeteria offering Indian, Arabic, and Pakistani budget meals and snacks.",South Asian
Rawabina,DXB,"A Gulf and Levantine restaurant serving mandi, shawarma, grilled meats, and traditional Arab rice dishes.",Gulf Arabic
Restaurant,DXB,"A general-purpose cafeteria offering a variety of Indian, Arabic, and international dishes.",International
Rosso Vivo Artizan Pizza,DXB,A Neapolitan-style pizza restaurant serving artisan wood-fired pizzas with premium Italian ingredients.,Italian Pizza
Sangeetha Vegetarian Restaurant,DXB,"A South Indian vegetarian chain serving dosas, idlis, chutneys, and traditional Tamil vegetarian cuisine.",South Indian Vegetarian
Sayad Bahar,DXB,"A Gulf seafood restaurant serving freshly caught fish, grilled shrimp, and classic Arabic seafood preparations.",Gulf Seafood
Sewar,DXB,"A Lebanese restaurant serving classic mezze, grilled meats, hummus, tabbouleh, and fresh Lebanese breads.",Lebanese
Shater,DXB,"A bakery and cafe serving traditional Arabic breads, pastries, and light cafe snacks.",Arabic Bakery
Smiling BKK (Thai),DXB,"A Thai restaurant serving Bangkok-style street food including pad thai, som tam, green curry, and Thai noodle soups.",Thai Street Food
St. Mia - Ristorante Italiano,DXB,"An Italian restaurant serving handmade pastas, risottos, and classic Italian main courses.",Italian
Sukhothai,DXB,"A Thai restaurant named after the ancient Thai capital, serving traditional Thai cuisine including royal Thai dishes.",Thai
The Brick Wall Sports Bar,DXB,"A sports bar and grill serving American comfort food, burgers, wings, and draft beers with multiple TV screens.",American Sports Bar
The Daily - Urban Street Food,DXB,An urban street food concept serving international street food dishes and quick-service meals.,Street Food
The Dubliner's,DXB,"An Irish pub and bar serving Guinness, Irish whiskeys, and classic pub grub in a traditional Dublin pub setting.",Irish Pub
The Gin Garden,DXB,A gin-focused bar serving an extensive selection of artisan gins in cocktails and G&Ts alongside light bar bites.,Gin Bar
The Irish Village,DXB,"A popular Dubai Irish pub serving Guinness on tap, pub food, and live entertainment in a replica Irish village setting.",Irish Pub
Top Cafeteria,DXB,"A budget-friendly cafeteria serving Indian, Arabic, and Pakistani quick meals for transit passengers.",South Asian
Tranzeet,DXB,"A fast food burger spot targeting transit passengers with quick-service burgers, wraps, and sides.",Burgers
Treehouse Juicery,DXB,"A cold-pressed juice bar serving organic fruit and vegetable juices, smoothies, and health shots.",Juice Bar
Warehouse,DXB,"A bar and grill serving cocktails, craft beers, and casual American-style food in an industrial-themed space.",Bar & Grill
World Cup,DXB,"A sports-themed bar and restaurant serving beers, cocktails, and pub food with football and sports coverage on screens.",Sports Bar
Zafrana,DXB,"A Middle Eastern restaurant serving traditional Arabic and Gulf dishes including saffron-infused rice, kebabs, and mezze.",Middle Eastern
12oz,FCO,"A specialty coffee bar serving high-quality espresso drinks by weight, with a focus on precision brewing.",Coffee Shop
Beercode,FCO,An Italian craft beer bar serving a rotating selection of Italian and international craft beers alongside bar snacks.,Craft Beer Bar
Berlucchi,FCO,"A Franciacorta wine bar from one of Italy's premier sparkling wine estates, serving their classic Berlucchi Franciacorta and Italian wines.",Italian Wine Bar
Bistro by Mastercard,FCO,"A premium bistro concept in partnership with Mastercard, offering complimentary food and drinks to eligible cardholders.",International Bistro
Bistrot,FCO,"A casual Italian bistro serving light pasta, sandwiches, and classic Italian cafe fare.",Italian Bistro
Bonci,FCO,"A Roman pizza al taglio (pizza by the cut) outlet from legendary Roman pizzaiolo Gabriele Bonci, serving thick-based Roman-style pizza with creative seasonal toppings.",Italian Pizza
Bottega Prosecco,FCO,"A prosecco wine bar serving Bottega sparkling wines, Aperol spritzes, and Italian aperitivo snacks.",Italian Wine Bar
Caffè Napoli,FCO,"A Neapolitan-style coffee bar serving authentic Southern Italian espresso, sfogliatella pastries, and traditional Neapolitan coffee culture.",Italian Coffee Bar
Caffè Vergnano - Women in Coffee,FCO,"A specialty coffee bar from Italian brand Caffè Vergnano, honoring women in coffee with certified sustainable single-origin espresso drinks.",Italian Coffee Bar
Cioccolati italiani,FCO,"A premium Italian chocolate gelato chain serving innovative chocolate-based gelato, hot chocolates, and artisan pralines.",Gelato & Chocolate
Doppio Malto,FCO,"An Italian craft brewery and restaurant serving their own-brewed beers alongside burgers, ribs, and American-inspired pub food.",Craft Beer & Grill
Farinella,FCO,"A modern Roman bakery and restaurant serving innovative pizza, flatbreads, and Italian street food in a contemporary setting.",Italian Bakery
Farinella T3,FCO,"The Terminal 3 location of Farinella, serving Roman-style flatbreads, pizza, and Italian baked goods.",Italian Bakery
Temakinho,FCO,A Brazilian-Japanese fusion restaurant known for temaki (hand-roll sushi cones) with tropical Brazilian-inspired fillings and ingredients.,Japanese Brazilian
Tentazioni Cafè,FCO,"An Italian cafe and pastry bar serving espresso drinks, Italian pastries, and light savory snacks.",Italian Cafe
Anton & Anni,FRA,"A casual German cafe and bistro serving traditional German snacks, sandwiches, and coffee drinks.",German Cafe
Asia Street Cooking,FRA,"A pan-Asian street food counter serving noodles, rice dishes, and Southeast Asian-inspired quick meals.",Asian Street Food
Bean Love,FRA,"A specialty coffee shop serving high-quality espresso drinks, cold brews, and artisan coffee preparations.",Coffee Shop
Best Worscht in Town,FRA,"A Frankfurt-themed sausage and wurst stand serving traditional German bratwurst, frankfurters, and regional sausage specialties.",German
Bistrot Frankfurt Airport,FRA,"A casual European bistro serving sandwiches, salads, and light international dishes.",International Bistro
Bistrot Snack Bar,FRA,"A quick snack bar serving sandwiches, pastries, and hot and cold beverages.",Snack Bar
"Brewgate - Coffee, Beer & Bites",FRA,A bar and cafe hybrid serving specialty coffee in the morning and craft beers with light bites in the afternoon.,Coffee & Beer Bar
Brot by Axel Schmitt,FRA,"An artisan German bakery concept from master baker Axel Schmitt, serving handcrafted sourdough breads, rolls, and pastries.",German Bakery
Ciao Italia,FRA,"An Italian cafe and snack bar serving pizza slices, panini, espresso, and Italian pastries.",Italian
Daily Deli,FRA,"A deli concept offering fresh sandwiches, wraps, salads, and grab-and-go items throughout the day.",Deli
DELI BROS,FRA,"A modern deli serving quality sandwiches, grain bowls, and coffee with an emphasis on fresh ingredients.",Deli
EL&N London,FRA,"A London-based Instagram-famous cafe known for its floral decor, serving specialty coffees, pink lattes, and artisan cakes.",British Cafe
Falconi's,FRA,"An Italian cafe and deli serving Italian-style sandwiches, salads, pasta, and espresso drinks.",Italian Cafe
Goethe Bar,FRA,"A bar named after the Frankfurt-born literary giant, serving German wines, beers, and cocktails with light bites.",German Bar
Goodman & Filippo,FRA,"A premium burger and grill restaurant serving high-quality beef burgers, steaks, and American-Italian inspired dishes.",Burgers & Grill
Haferkater,FRA,"A German health food and oat-based cafe concept serving porridge, granola bowls, avocado toast, and healthy breakfasts.",Healthy & Breakfast
Hausmann's,FRA,A German restaurant concept serving traditional and contemporary German cuisine with locally sourced ingredients.,German
Hausmann's Bar (To Go) by Tim Mälzer,FRA,"The grab-and-go express bar of TV chef Tim Mälzer's Hausmann's concept, serving quick German bites and drinks.",German
Hausmann's Restaurant (by Tim Mälzer),FRA,"A full-service German restaurant by celebrity TV chef Tim Mälzer, serving modern German cuisine with seasonal ingredients.",German
Heberer Traditional Bakery,FRA,"A traditional German bakery chain serving handcrafted breads, pretzels, Brötchen rolls, and pastries baked in traditional style.",German Bakery
Heberer's Traditional Bakery,FRA,"Another outlet of the Heberer family bakery tradition, serving fresh German breads, pretzels, and baked snacks.",German Bakery
Hermann's,FRA,"A German cafe and snack bar serving coffee, pastries, sandwiches, and light German-style meals.",German Cafe
Hermann's Mobile,FRA,"A mobile kiosk version of Hermann's serving coffee, pastries, and quick snacks near the gates.",Coffee & Snacks
Hucks Lieblingsplatz,FRA,"A cozy German cafe and snack bar serving coffee, cakes, and light bites in a homely setting.",German Cafe
Kamps,FRA,"A German bakery chain serving freshly baked rolls, breads, croissants, and German-style sandwiches and cakes.",German Bakery
Kosher food,FRA,A kosher-certified food service providing kosher-certified meals and snacks for Jewish travelers.,Kosher
Le Crogbag,FRA,"A French-German bakery concept serving croissants, baguette-based sandwiches, and coffee drinks.",French Bakery
Lucullus Nero,FRA,A coffee and food concept serving Italian-inspired espresso drinks and light cafe bites.,Italian Cafe
Main Bissen,FRA,A casual Frankfurt-themed snack and cafe bar serving German and international quick bites alongside coffee and beer.,German Cafe
Manga Sushi,FRA,"A Japanese manga-themed sushi restaurant serving fresh sushi rolls, nigiri, and Japanese quick meals.",Japanese Sushi
Meyer Deli Coffee Kitchen,FRA,"A deli and coffee kitchen concept serving artisan sandwiches, salads, and specialty coffee drinks.",Deli & Coffee
Minibar,FRA,"A small bar concept serving cocktails, wines, and beers with light snack accompaniments.",Bar
MONDO Bar,FRA,"An international bar concept serving global cocktails, wines, and beers alongside light international bites.",International Bar
MONDO Restaurant,FRA,An international sit-down restaurant serving a global menu of European and world cuisine.,International
NENI Deli,FRA,"A deli concept from the acclaimed NENI Tel Aviv-inspired brand, serving Middle Eastern and Mediterranean dishes, hummus, and deli items.",Middle Eastern
Origin Bar & Eatery,FRA,A bar and eatery focusing on origin coffee and craft beverages alongside light meals and snacks.,Coffee & Bar
perfect day,FRA,"A modern German cafe serving specialty coffee, healthy bowls, smoothies, and fresh daytime food.",German Cafe
perfect day micro,FRA,"A compact kiosk version of the perfect day concept, offering coffee and quick grab-and-go snacks.",Coffee Kiosk
Pezzo di Pane,FRA,"An Italian bakery serving artisan breads, focaccia, and Italian pastries.",Italian Bakery
QUICKER's,FRA,"A quick-service food counter offering fast meals, snacks, and beverages for travelers in a hurry.",Fast Food
Superfood,FRA,"A health and wellness food bar serving superfood-based bowls, juices, smoothies, and nutritious snacks.",Healthy & Organic
The Bar,FRA,"A full-service bar offering cocktails, wines, beers, and light snacks for travelers at the terminal.",Bar
Thong Thai,FRA,"A Thai restaurant serving authentic Thai dishes including pad thai, green curry, tom yum, and stir-fries.",Thai
Trib's,FRA,"A casual bar and snack counter offering beers, wines, and light bites for transiting passengers.",Bar & Snacks
Zigolini,FRA,An Italian gelato and dessert shop serving artisan gelato in classic and seasonal flavors alongside Italian pastries.,Italian Gelato
ÜberQuell,FRA,A Hamburg-based craft brewery and restaurant serving their own-brewed beers alongside German comfort food and burgers.,Craft Beer & German
A Saideira,GIG,"A Brazilian bar and grill serving cold beers, caipirinhas, and typical Brazilian bar snacks and finger foods.",Brazilian Bar
Aero Sport Bar,GIG,"A sports bar serving beers, cocktails, and casual Brazilian bar food with live sports broadcasts.",Sports Bar
Casa Bauducco,GIG,"A Brazilian bakery and cafe concept from Bauducco, serving breads, panettone, cakes, and hot beverages.",Brazilian Bakery
CoffeeSpot,GIG,"A specialty coffee shop serving espresso drinks, cold brews, and light cafe snacks.",Coffee Shop
Deltaexpresso,GIG,"A quick-service espresso bar offering coffee drinks, juices, and light snacks for travelers on the go.",Coffee Bar
Divino Fogão,GIG,"A Brazilian restaurant chain serving traditional comida mineira (Minas Gerais) dishes including feijão tropeiro, frango ao molho, and rice and bean plates.",Brazilian
Empanadas y Tal,GIG,A Latin American empanada restaurant serving South American-style baked and fried empanadas with various fillings.,Latin American
Factory,GIG,A casual restaurant serving Brazilian and international dishes in a factory-themed industrial setting.,Brazilian & International
Freddo,GIG,An upscale Argentine ice cream chain serving creamy artisan gelato-style ice cream in classic and gourmet flavors.,Ice Cream
Galeão Coffee Shop,GIG,"An in-terminal coffee shop serving espresso drinks, pastries, and light snacks for Brazilian and international travelers.",Coffee Shop
Geneal e Sorvetes Itália,GIG,An Italian-style ice cream parlor serving artisan gelato and sorbet in a variety of traditional and tropical Brazilian fruit flavors.,Ice Cream
Jamie's Deli,GIG,"A deli concept inspired by Jamie Oliver, serving freshly made sandwiches, salads, and quick international meals.",Deli
Kozinha Sushi Bar & Árabe,GIG,A combined sushi bar and Arabic food restaurant serving Japanese maki rolls and Middle Eastern dishes.,Japanese & Middle Eastern
Latitude,GIG,"A bar and cafe serving cocktails, beers, and light international bites throughout the day.",Bar & Cafe
Mania de Churrasco,GIG,"A Brazilian churrascaria-inspired counter serving grilled meats, sausages, and traditional South American BBQ items.",Brazilian BBQ
Mariposa,GIG,A casual restaurant serving Brazilian and international comfort food in a bright and airy setting.,Brazilian
Nescafé,GIG,A Nescafé-branded coffee kiosk serving instant and machine-brewed coffee drinks and light snacks.,Coffee Kiosk
Nutty Bavarian,GIG,A cinnamon-glazed nut kiosk serving warm freshly roasted mixed nuts coated in cinnamon sugar.,Snack Kiosk
O Pasquim Bar e Prosa,GIG,"A carioca-themed bar celebrating Rio's bohemian culture, serving caipirinhas, Brazilian beers, and local snacks.",Brazilian Bar
Palaphita,GIG,"A casual bar and snack concept serving cold beers, tropical cocktails, and Brazilian bar food.",Brazilian Bar
Pipocassa,GIG,A specialty popcorn kiosk serving flavored popcorn in sweet and savory varieties as a quick snack.,Snack Kiosk
Salch&Pão,GIG,A sausage and bread snack stand serving Brazilian-style hot dogs with salsichas and various toppings.,Brazilian Fast Food
Spoleto,GIG,"A popular Brazilian pasta chain serving customizable pasta dishes with a variety of sauces, toppings, and ingredients.",Italian
Travel Market,GIG,"A convenience market offering packaged snacks, beverages, and grab-and-go food items for travelers.",Market & Grab & Go
Ventana Fresh,GIG,"A health food and fresh cafe serving salads, açai bowls, juices, and light Brazilian healthy fare.",Healthy & Fresh
2 Cafe,HKG,"A casual Hong Kong-style cafe serving local coffee, milk tea, and simple Chinese and Western light meals.",Hong Kong Cafe
A-1 Bakery Express,HKG,"A Hong Kong bakery express outlet serving fresh baked buns, cakes, and pastries in the local cha chaan style.",Hong Kong Bakery
Bari-Uma (霸嗎拉麵),HKG,A Japanese ramen restaurant from Osaka serving rich tonkotsu and soy-based ramen with pork belly and soft-boiled egg.,Japanese Ramen
BOWL,HKG,"A healthy bowl concept serving grain bowls, salad bowls, and Asian-inspired rice bowls with fresh ingredients.",Healthy Bowls
can.teen,HKG,A modern canteen concept offering a mix of Asian and Western comfort food in a self-service cafeteria setting.,International
Cha Chaan by KAM FAT CAFÉ 1986,HKG,"A traditional Hong Kong cha chaan teng (milk tea cafe) with roots since 1986, serving Hong Kong milk tea, toast with butter and jam, congee, and wonton noodles.",Hong Kong Cafe
Cupping Room Coffee Roasters,HKG,"A Hong Kong specialty coffee roaster serving carefully sourced single-origin espresso drinks, pour-overs, and light pastries.",Coffee Shop
Duddell's,HKG,"A refined Cantonese restaurant serving elegant dim sum, roasted meats, and classic Hong Kong-style Chinese dishes.",Cantonese
"Emmer Pizza, Bar & Cafe",HKG,A pizza and bar concept serving Neapolitan-style wood-fired pizzas alongside cocktails and light cafe snacks.,Italian Pizza
FINEPRINT,HKG,A Hong Kong specialty coffee shop known for precision brewing and single-origin espresso drinks.,Coffee Shop
GELATO COMBO,HKG,An artisan gelato shop serving Italian-style ice cream in classic and Asian-inspired flavors.,Gelato
Gordon Ramsay Plane Food To Go,HKG,"A grab-and-go counter from Gordon Ramsay's Plane Food concept, offering pre-packaged sandwiches, salads, and gourmet snacks.",Grab & Go
Gourmet Focus Group,HKG,A premium food court concept featuring multiple gourmet food stalls serving Hong Kong and international cuisine.,Food Hall
hana-musubi,HKG,A Japanese onigiri and bento shop serving freshly made rice balls with various fillings and Japanese set meals.,Japanese
Ho Fan Ho Sung,HKG,A Cantonese noodle restaurant serving Hong Kong-style wonton noodles and rice noodle dishes.,Cantonese Noodles
Ho Hung Kee,HKG,A Hong Kong wonton noodle institution known for their springy egg noodles and premium shrimp wonton soup.,Cantonese Noodles
HUNG FOOK TONG,HKG,"A Hong Kong herbal tea and health drink chain serving traditional Chinese herbal teas, soups, and healthy beverages.",Chinese Herbal Tea
Hung's Delicacies,HKG,"A Chinese roasted meat restaurant serving Cantonese roast duck, char siu (BBQ pork), and roasted meats over rice.",Cantonese Roast Meats
INTERVALS Sky Bar & Restaurant,HKG,"A sky-level bar and restaurant serving cocktails, wine, and international dishes with views of the terminal.",International Bar
Jardin de Jade,HKG,"A refined Shanghainese restaurant serving classic Shanghai dishes including xiao long bao, pan-fried dumplings, and slow-braised pork belly.",Shanghainese
Joy Full House,HKG,"A Cantonese restaurant serving a broad menu of Hong Kong comfort food including congee, noodles, and roasted meats.",Cantonese
KING BAKERY,HKG,"A Hong Kong-style bakery serving fresh baked buns, cakes, and pastries including classic Hong Kong pineapple buns.",Hong Kong Bakery
Konjiki Hototogisu,HKG,A Tokyo-origin Michelin-starred ramen restaurant known for its delicate white truffle and clam-based clear broth ramen.,Japanese Ramen
Lady M New York,HKG,A New York patisserie famous for its signature mille crêpes cakes — stacks of thin crepes layered with light cream — and elegant French-inspired desserts.,French Patisserie
Lime Garden (Sky)+,HKG,"A bar and cafe serving cocktails, Asian-inspired light meals, and beverages in an open sky lounge setting.",International Bar
Master Hung,HKG,A Cantonese restaurant serving roasted meats and noodles in Hong Kong style.,Cantonese
Men Wah Bing Teng,HKG,"A classic Hong Kong bing sutt (ice room) and cha chaan teng serving traditional Hong Kong snacks, milk tea, and cold desserts.",Hong Kong Cafe
Milk Cafe,HKG,"A cafe and dessert bar serving Hong Kong-style milk teas, puddings, and light cafe items.",Hong Kong Cafe
Nap Tea,HKG,"A specialty tea bar serving premium Chinese teas, bubble teas, and tea-based beverages.",Tea Bar
Nippon Ramen,HKG,"A Japanese ramen restaurant serving classic tonkotsu, shoyu, and miso ramen varieties.",Japanese Ramen
nodi,HKG,"A modern cafe and gathering space serving coffee, light meals, and snacks in a relaxed environment.",Cafe
nodi | Moleskine,HKG,"A co-branded cafe and stationery concept from nodi and Moleskine, serving specialty coffee and light snacks alongside notebooks and accessories.",Coffee Shop
NUTTEA,HKG,A bubble tea and nut milk drink bar serving innovative Asian-style beverages with toppings.,Tea Bar
Orchid Padaria Café Express,HKG,"A Portuguese-inspired bakery cafe express serving pastéis de nata (egg tarts), baked goods, and espresso drinks.",Portuguese Bakery
THE ALCHEMIST CAFE,HKG,A specialty coffee and food concept serving experimentally crafted espresso drinks and light artisan bites.,Coffee Shop
The Forest Bakery,HKG,"A nature-themed artisan bakery serving freshly baked breads, cakes, and pastries with quality local ingredients.",Bakery
Tong Kee Bao Dim,HKG,"A Cantonese dim sum restaurant serving steamed baos, dumplings, and traditional Hong Kong dim sum items.",Dim Sum
Ufufu Cafe,HKG,"A Japanese soufflé pancake cafe from Japan serving fluffy, jiggly Japanese-style pancakes with various toppings and cream.",Japanese Desserts
Urban Coffee Roaster,HKG,"A specialty coffee roaster and cafe serving carefully roasted single-origin beans as espresso, cold brew, and filter coffee.",Coffee Shop
Yukimura,HKG,"A Japanese restaurant serving sushi, sashimi, and Japanese set meals in a clean, minimalist setting.",Japanese
Yung Kee,HKG,"A legendary Hong Kong Cantonese institution famous for its roast goose, wonton noodles, and preserved eggs.",Cantonese
Alchemy Cocktail Lounge,IAH,"An upscale cocktail lounge serving craft cocktails, premium spirits, and light appetizers.",Cocktail Bar
Bam Bam,IAH,"A Vietnamese-inspired noodle and rice bowl restaurant serving pho, banh mi, and Southeast Asian dishes.",Vietnamese
Bayou City Bar,IAH,"A Houston-themed bar serving Texas craft beers, cocktails, and Lone Star-inspired bar food.",Texas Bar
Bullritos,IAH,"A Tex-Mex fast-casual restaurant serving large burritos, tacos, and nachos with Texas-inspired ingredients.",Tex-Mex
Byte: Fresh Grab and Go Meals,IAH,"An automated grab-and-go concept with fresh daily-prepared meals, salads, and snacks available 24 hours.",Grab & Go
Cadillac Mexican Kitchen & Tequila Bar,IAH,A Mexican kitchen and tequila bar serving traditional Mexican and Tex-Mex dishes alongside an extensive tequila and margarita menu.,Mexican
City Crepes,IAH,A creperie serving sweet and savory French-style crepes with a variety of fillings and toppings.,French Crepes
Forno Magico Neapolitan Pizza,IAH,A Neapolitan pizza restaurant serving authentic wood-fired pizzas with fresh Italian ingredients and San Marzano tomatoes.,Italian Pizza
George's International Market,IAH,"A market-style food concept offering international packaged foods, grab-and-go items, and diverse snacks.",Market & International
Green Mango,IAH,"A Southeast Asian restaurant serving Thai, Vietnamese, and pan-Asian dishes with fresh mango-based dishes and noodle soups.",Southeast Asian
Harvest Table,IAH,A farm-to-table style restaurant serving seasonal American comfort food made with locally sourced ingredients.,American
Hubcap Grill & Beer Yard,IAH,"A Houston-based smash burger institution serving thin, crispy-edged burgers with an impressive craft beer selection.",Burgers
Q Bar,IAH,"A casual bar serving cocktails, beers, and light snacks for travelers between flights.",Bar
Sugarland Beer Garden,IAH,"A casual beer garden with a Texas-themed atmosphere serving craft beers, simple food, and Lone Star-inspired fare.",Craft Beer Bar
Tagliare,IAH,"An Italian deli and restaurant serving cured meats, artisan cheeses, handmade pasta, and Italian-inspired sandwiches.",Italian Deli
The Breakfast Klub,IAH,"A Houston soul food institution bringing their beloved chicken and waffles, catfish and grits, and classic Southern breakfast to the airport.",Southern Soul Food
The Craft Beer Garden,IAH,A beer garden specializing in rotating craft beers from Texas and around the US alongside pub food.,Craft Beer Bar
The Great American Bagel,IAH,"A New York-style bagel shop serving hand-rolled bagels with lox, cream cheese, and deli toppings.",Bagels & Deli
The Market by Villa,IAH,"A gourmet market concept offering prepared meals, artisan products, and specialty Texas food items.",Market & Deli
The Rail,IAH,A casual bar and restaurant serving American comfort food and a full bar in a train-themed setting.,American Bar
A Nature-Inspired Korean Food,ICN,"A Korean restaurant serving fresh, nature-inspired Korean dishes made with seasonal and wholesome ingredients.",Korean
ADDAL,ICN,A Korean cafe and snack bar serving light Korean desserts and modern cafe beverages.,Korean Cafe
AMERICAN TRAILER,ICN,"An American-style fast food trailer concept serving burgers, hot dogs, and American comfort food.",American Fast Food
ANGELINUS,ICN,"A Korean coffee chain serving espresso drinks, iced coffees, and light Korean cafe snacks.",Coffee Shop
Bizeun,ICN,A Korean restaurant serving traditional Korean cuisine including rice dishes and hearty stew-based dishes.,Korean
Broth Kitchen,ICN,A Korean restaurant focused on rich broths and soups such as seollongtang (ox bone soup) and other traditional Korean soup dishes.,Korean Soups
Bunsik Gotgan,ICN,"A Korean bunsik restaurant serving traditional Korean street snacks including tteokbokki, sundae, and fried snacks.",Korean Street Food
Burger Station,ICN,"A burger counter serving American-style burgers, fries, and chicken sandwiches.",Burgers
BYEOLMIGA,ICN,"A Korean restaurant serving Korean comfort food including grilled meats, rice, and traditional side dishes.",Korean
BYULMI BUNSIK,ICN,"A Korean bunsik eatery serving classic Korean street food including tteokbokki, fish cakes, and spicy snacks.",Korean Street Food
Caffe Pascucci,ICN,"An Italian-inspired Korean coffee chain known for its almond-based Pascucci brand drinks, espresso, and light pastries.",Coffee Shop
CHAR,ICN,A grilled meat restaurant serving Korean BBQ-style charcoal-grilled meats and Korean side dishes.,Korean BBQ
Cheongjindong Sundubu,ICN,"A Korean restaurant specializing in sundubu jjigae (soft tofu stew) — a spicy, silky tofu stew served with rice and banchan.",Korean
Cheongun Miga,ICN,"A traditional Korean restaurant serving classic home-style Korean dishes including rice, soups, and marinated meats.",Korean
Chocolat palette,ICN,"A dessert cafe serving artisan chocolates, cakes, macarons, and sweet beverages in a pastel cafe setting.",Desserts & Cafe
Choi Dining,ICN,"A Korean restaurant offering traditional Korean set meals with rice, soup, and assorted banchan side dishes.",Korean
Classic Noodles,ICN,A noodle restaurant serving traditional Korean noodle dishes including kalguksu (knife-cut noodles) and cold noodles.,Korean Noodles
COFFEE@WORKS,ICN,A specialty coffee shop offering espresso drinks and a workspace-friendly environment for traveling professionals.,Coffee Shop
COLECTIVO,ICN,A modern cafe concept serving specialty coffee and contemporary light meals in a collaborative setting.,Coffee & Cafe
Crispy Pork Cutlet,ICN,A Korean restaurant specializing in donkkaseu — Korean-style breaded and fried pork cutlets served with rice and side dishes.,Korean
Culinary Square,ICN,A multi-concept food area serving diverse Korean and international dishes in a food court-style setting.,Food Hall
DOSUN,ICN,"A Korean restaurant serving traditional Korean cuisine including bibimbap, grilled fish, and soup-based dishes.",Korean
EGGDROP,ICN,"A Korean egg toast brand serving Korean-style toasted egg sandwiches layered with egg, cheese, and various toppings.",Korean Sandwiches
FOOD EMPIRE EAST,ICN,A large food court serving Korean and international dishes across multiple stations in the east terminal.,Food Hall
FOOD EMPIRE WEST,ICN,A large food court serving Korean and international dishes across multiple stations in the west terminal.,Food Hall
Gajokhoegwan,ICN,"A family-style Korean restaurant serving traditional Korean group meals including grilled meats, stews, and hearty rice dishes.",Korean
GELCCINE,ICN,An artisan gelato and dessert cafe serving Italian-style ice cream alongside Korean dessert drinks.,Gelato & Desserts
GONGPYEONG-DONG GIANT CUTLET,ICN,A Korean pork cutlet specialty restaurant serving oversized jumbo donkkaseu with rice and traditional sides.,Korean
GORAESA,ICN,A Korean seafood restaurant serving traditional Korean seafood dishes including haemul jjigae (seafood stew) and grilled fish.,Korean Seafood
GRAZ COFFEE LAB,ICN,A specialty coffee lab and shop serving precision-brewed espresso drinks and single-origin pour-overs.,Coffee Shop
GYEINGSEONG BUNSIK,ICN,"A vintage Seoul-themed bunsik restaurant serving classic Korean street snacks like tteokbokki, rabokki, and fish cake skewers.",Korean Street Food
Haneulmaru Cafe,ICN,A sky-lounge cafe offering Korean and international light bites and coffee in a high-ceiling terminal setting.,Korean Cafe
HANOKJIB KIMCHIJJIM,ICN,"A Korean traditional restaurant specializing in kimchi jjim — braised kimchi with pork in a rich, deeply fermented sauce.",Korean
Hanokjip Kimchijjim,ICN,A Korean restaurant serving slow-braised kimchi with pork in a traditional hanok house-inspired setting.,Korean
Hansik Sodam-gil,ICN,"A traditional Korean dining concept serving elegantly plated Korean table d'hôte meals with rice, soup, and varied banchan.",Korean
HOHOKATSU,ICN,A Japanese tonkatsu restaurant serving deep-fried breaded pork cutlets with miso soup and Japanese condiments.,Japanese Tonkatsu
HOLLYS,ICN,"A popular Korean specialty coffee chain serving a variety of espresso drinks, smoothies, and Korean cafe snacks.",Coffee Shop
HOLLYS (T1 Store),ICN,"The Terminal 1 location of Korean coffee brand Hollys, serving espresso drinks and light Korean cafe treats.",Coffee Shop
Hot Dog & Chicken,ICN,A Korean-style hot dog and fried chicken stand serving corndog and Korean fried chicken snacks.,Korean Snacks
Hwangsaengga Kalguksu,ICN,A traditional Korean noodle restaurant specializing in kalguksu — hand-cut wheat noodles in anchovy or chicken broth.,Korean Noodles
HYOJA GOMTANG,ICN,"A Korean restaurant specializing in gomtang — a rich, milky beef bone broth soup served with rice and kimchi.",Korean Soups
JAMUNBAK,ICN,A Korean barbecue restaurant serving traditional Korean grilled meats including bulgogi and samgyeopsal.,Korean BBQ
JaYeon,ICN,A natural and health-focused Korean restaurant serving organic Korean dishes with seasonal ingredients.,Korean
Jeju Dombeok,ICN,"A Jeju Island-themed Korean restaurant serving Jeju specialties including black pork, grilled seafood, and regional dishes.",Korean Regional
Jeju Seho Haejangguk,ICN,"A Korean hangover soup restaurant serving Jeju-style haejangguk — a hearty soup with pork, vegetables, and rice.",Korean Soups
Jeondongjib,ICN,"A traditional Korean restaurant serving classic Korean home-cooked meals including bibimbap, doenjang jjigae, and grilled meats.",Korean
K-mealkit Smart Restaurant,ICN,An innovative Korean smart restaurant offering Korean meal kits and freshly prepared Korean dishes in a tech-enabled setting.,Korean
KONThai,ICN,"A Thai restaurant serving authentic Thai dishes including pad thai, tom yum, and green curry.",Thai
Korea Food & Pancakes,ICN,A Korean restaurant serving Korean cuisine with a focus on traditional Korean pancakes (jeon) and savory fritters.,Korean
Krispy Kreme Doughnuts,ICN,A Krispy Kreme doughnut shop serving their signature glazed ring doughnuts and seasonal filled varieties alongside coffee.,Doughnuts & Coffee
Krispy Pork Cutlet,ICN,"A Korean restaurant serving jumbo crispy fried pork cutlets (donkkaseu) with rice, salad, and tangy tonkatsu sauce.",Korean
LAGRILLIA,ICN,"An Italian restaurant serving grilled meats, pasta, and Italian dishes in a casual trattoria setting.",Italian
LINA'S,ICN,"A sandwich and light meal cafe serving freshly made sandwiches, wraps, and salads.",Sandwiches
Little Xingkai,ICN,"A Chinese restaurant serving Northeastern Chinese cuisine including pot stickers, noodles, and stir-fried dishes.",Chinese
livfarm,ICN,"A health-focused cafe concept serving fresh salads, grain bowls, smoothies, and organic produce-based light meals.",Healthy & Fresh
Manseokjang,ICN,A Korean restaurant serving traditional Korean grilled meats and Korean-style set meals with rice and banchan.,Korean
MASUNG TTEOKBOKKI,ICN,A Korean snack restaurant specializing in tteokbokki — spicy rice cake sticks in gochujang sauce — and Korean street food sides.,Korean Street Food
MAURITIUS BROWN,ICN,A specialty coffee and dessert cafe serving premium coffee drinks and sweet treats in a cozy setting.,Coffee & Desserts
MEALBON,ICN,"A Korean dining concept serving well-balanced Korean meal sets with rice, soup, and multiple side dishes.",Korean
Meallions,ICN,A Korean food court concept offering multiple Korean cuisine options in a shared dining environment.,Korean Food Hall
Mimi Dandan,ICN,A noodle restaurant serving Asian-style dan dan noodles and spicy noodle soups.,Asian Noodles
Misojeong,ICN,"A Korean and Asian restaurant featuring miso-based dishes, soups, and pan-Asian comfort food.",Korean & Asian
MODAKK SNACK,ICN,A Korean snack bar serving Korean street snacks and quick bites including fried foods and savory treats.,Korean Snacks
Modern Shanghai,ICN,"A Chinese restaurant serving modern Shanghainese dishes including xiao long bao, noodles, and pan-Chinese cuisine.",Shanghainese
MUKYOKU,ICN,"A Japanese restaurant serving a focused menu of Japanese ramen, set meals, and Japanese comfort dishes.",Japanese
NADRI HOEGWAN,ICN,A Korean barbecue and dining hall serving traditional Korean grilled meats and Korean set meals.,Korean BBQ
Nadri Jjolmyeon,ICN,"A Korean noodle restaurant specializing in jjolmyeon — chewy, spicy cold noodles in a tangy gochujang-based sauce.",Korean Noodles
Namsan King Pork Cutlet,ICN,A Korean pork cutlet restaurant serving generously portioned Namsan-style fried pork cutlets with Korean side dishes.,Korean
Namsan King Size Pork Cutlet,ICN,A Korean restaurant serving extra-large Korean-style breaded pork cutlets as its signature dish.,Korean
NIMAT,ICN,A Middle Eastern and halal restaurant serving Arab and Central Asian halal dishes for Muslim travelers.,Middle Eastern Halal
NOMALO COFFEE,ICN,A specialty coffee shop serving espresso drinks and light snacks in a modern setting.,Coffee Shop
OAKBERRY AÇAI,ICN,"A Brazilian açai brand serving thick açai bowls topped with granola, fresh fruit, and honey.",Brazilian Healthy
ONTANGJIP,ICN,A Korean restaurant specializing in ondal (braised rib) dishes and traditional Korean slow-cooked comfort food.,Korean
Oriental Bay,ICN,"A pan-Asian restaurant serving a broad selection of Chinese, Japanese, Thai, and Korean dishes.",Pan-Asian
OURDANG and In The Box,ICN,A Korean dining concept offering traditional Korean set meals and snack boxes for travelers.,Korean
OURHOME's Kimchi Cuisine,ICN,A Korean restaurant from the Ourhome brand celebrating kimchi-based cuisine with traditional Korean dishes.,Korean
Paris Croissant,ICN,"A Korean-French bakery chain serving croissants, cakes, tarts, and espresso drinks in a European-inspired setting.",Korean Bakery
PASCUCCI,ICN,"An Italian-Korean coffee brand serving almond-based espresso drinks, smoothies, and light cafe snacks.",Coffee Shop
PHO,ICN,A Vietnamese pho restaurant serving traditional beef bone broth noodle soup with herbs and condiments.,Vietnamese
PLE:EATING,ICN,"A modern Korean casual dining concept serving pleasurable Korean meals with rice, sides, and stew dishes.",Korean
ROBOTGIMBAP,ICN,An automated Korean gimbap restaurant using robotic technology to prepare fresh gimbap rice rolls on demand.,Korean
SAMCHUNGDANG,ICN,"A Korean bakery and tea shop serving traditional Korean confections, rice cakes, and Korean teas.",Korean Bakery
SAMJINAMOOK,ICN,A Korean noodle restaurant serving makguksu and cold noodle dishes in traditional Korean style.,Korean Noodles
Seoul-Street,ICN,A Korean street food restaurant celebrating Seoul street culture with classic Korean snacks and casual eats.,Korean Street Food
Sinpo Sundae,ICN,A Korean street food stall specializing in sundae — a Korean blood sausage with rice noodles and pork intestine — and tteokbokki.,Korean Street Food
SODAM BANSANG,ICN,A Korean traditional dining restaurant serving refined Korean bansang (table setting) meals with multiple banchan side dishes.,Korean
SOI YEONNAM,ICN,"A Thai-inspired restaurant serving pad thai, green curry, and Thai street food in a Seoul-Thai fusion setting.",Thai
Sokcho Kodari Naengmyeon,ICN,A Korean cold noodle restaurant serving Sokcho-style naengmyeon — buckwheat cold noodles in a chilled broth.,Korean Noodles
Sonsoo Ok,ICN,A traditional Korean restaurant serving regional Korean dishes including handmade noodles and slow-cooked soups.,Korean
Sonsuheon,ICN,A Korean traditional restaurant serving artisan-style Korean cuisine made with careful preparation and quality Korean ingredients.,Korean
SOUL BOWL,ICN,A Korean and Asian rice bowl restaurant serving bibimbap-style bowls and other Korean grain bowl dishes.,Korean Bowls
SSOJA TOAST,ICN,"A Korean toast cafe serving Korean-style toast sandwiches — a popular Korean street food breakfast item with egg, cheese, and cabbage.",Korean Sandwiches
TANTAN NOODLES KITCHEN,ICN,An Asian noodle restaurant serving tantanmen (Chinese dan dan noodles) and other sesame-based spicy noodle dishes.,Asian Noodles
Taste of Nature,ICN,"A Korean health cafe serving fresh grain bowls, salads, and naturally prepared Korean dishes with organic ingredients.",Korean Healthy
TASTY CUBE,ICN,"A Korean food concept offering a condensed menu of popular Korean dishes for quick, satisfying meals.",Korean
TawBan,ICN,A Korean-Asian restaurant serving rice and noodle-based Asian dishes in a casual setting.,Korean & Asian
TAXIING 5,ICN,"A bar and cafe concept near the gates serving cocktails, Korean beers, and snacks for departing passengers.",Korean Bar
THE TACO BOOTH,ICN,"A Mexican taco booth serving classic tacos, burritos, and Tex-Mex items in a casual setting.",Mexican
Tianlu,ICN,"A Chinese restaurant serving Northern Chinese cuisine including hand-pulled noodles, dumplings, and wok dishes.",Chinese
Timeless Korean Dining (Hansik Sodam-gil),ICN,"A traditional Korean dining experience offering classic Korean table d'hôte meals with soup, rice, and varied banchan.",Korean
TORUNG BANGKOK,ICN,"A Thai restaurant serving authentic Bangkok-style Thai street food dishes including noodles, pad kra pao, and Thai curries.",Thai
Tous Les Jours,ICN,"A popular Korean-French bakery chain serving freshly baked breads, croissants, cakes, and coffee in a European-inspired patisserie style.",Korean Bakery
TSUKIZEN,ICN,"A Japanese restaurant serving sushi, sashimi, and Japanese set meals in a clean Japanese dining environment.",Japanese
TWOSOME PLACE,ICN,"A Korean coffee and dessert chain serving espresso drinks, ice blended beverages, and Korean-style cakes.",Coffee & Desserts
XINGKAI,ICN,"A Chinese restaurant serving Northern Chinese dishes including dumplings, hand-pulled noodles, and wok stir-fries.",Chinese
Yeongju Bubu Maeul,ICN,A traditional Korean restaurant from the Yeongju region serving authentic regional Korean dishes and slow-cooked home-style food.,Korean Regional
YOOIL DAK GANG JEONG,ICN,A Korean fried chicken restaurant serving dakgangjung — crispy Korean fried chicken glazed in sweet and spicy sauce.,Korean Fried Chicken
Yuksu Gojip,ICN,"A Korean restaurant serving yuksu (beef broth) based soups and stews, Korean comfort food staples.",Korean Soups
Avenue Bistro Bar,IST,"A casual European bistro and bar serving light international dishes, sandwiches, and cocktails.",International Bistro
Backhaus,IST,"A German-style bakery serving artisan breads, pretzels, and pastries alongside fresh coffee.",German Bakery
Bi Bar,IST,"A casual bar serving Turkish and international beers, cocktails, and light bar snacks.",Bar
Bi Coffee,IST,"A specialty coffee shop serving Turkish and international coffees, teas, and light cafe snacks.",Coffee Shop
Bi Coffee & Bi Bar,IST,A combined coffee shop and bar serving specialty coffees in the morning and craft beverages in the afternoon.,Coffee & Bar
Bite,IST,"A quick-service food counter offering grab-and-go sandwiches, snacks, and beverages.",Grab & Go
Bottega Bosphorus,IST,A Bosphorus-themed Italian wine and prosecco bar serving sparkling wines and Italian aperitivo snacks.,Wine Bar
Brewmark,IST,A craft beer bar and casual dining spot serving a rotating selection of craft beers and bar food.,Craft Beer Bar
Cafe Yanımda,IST,"A Turkish-style neighborhood cafe concept serving Turkish tea, coffee, pastries, and light Turkish snacks.",Turkish Cafe
Carls Cafe,IST,"A casual cafe serving espresso drinks, sandwiches, and light international bites.",Cafe
Carluccio's Bar,IST,"An Italian-inspired bar from the Carluccio brand serving aperitivo drinks, Italian wines, and small plates.",Italian Bar
Chocnette,IST,"A chocolate and dessert kiosk serving artisan chocolates, pralines, and sweet confections.",Chocolate & Desserts
Cuisine Anatolia,IST,"A Turkish restaurant celebrating Anatolian cuisine with traditional dishes including kebabs, meze, and Ottoman-inspired recipes.",Turkish
Cups & Clouds,IST,"A specialty coffee shop serving artisan coffees, teas, and light cafe snacks in a modern cloud-inspired setting.",Coffee Shop
Deli Aux Pain,IST,"A French-style bakery deli serving baguette sandwiches, croissants, and French-inspired light meals.",French Bakery
Eat & Joy,IST,A modern casual restaurant serving international and Turkish-inspired light meals and snacks throughout the day.,International
Enva,IST,"A Turkish cafe serving traditional Anatolian snacks, Turkish pastries, and local beverages.",Turkish Cafe
gram,IST,"A healthy food concept selling snacks, salads, and light meals sold by weight (gram).",Healthy & Fresh
HD Döner,IST,A doner kebab fast food chain serving freshly sliced lamb and chicken doner in bread or wraps.,Turkish Kebab
HighBorn Coffee,IST,A premium specialty coffee shop serving single-origin espresso drinks and artisan coffee preparations.,Coffee Shop
Jackie's,IST,"A casual bar and grill serving American-style burgers, wings, and international comfort food.",American Bar
Kaimakk,IST,"A Turkish dessert cafe serving kaymak (clotted cream) with honey, Turkish breakfast items, and traditional sweets.",Turkish Desserts
Komyuniti Bar & Restaurant,IST,"A communal bar and restaurant serving international dishes and cocktails in a social, open-plan setting.",International Bar
Loba Coffee,IST,A Turkish specialty coffee brand serving handcrafted espresso drinks and Turkish coffee alongside light snacks.,Coffee Shop
Mood Up,IST,"A modern cafe and food concept serving mood-boosting healthy meals, bowls, and beverages.",Healthy & Cafe
mvnch,IST,"A casual food and snack concept serving quick bites, sandwiches, and beverages throughout the day.",Grab & Go
Obica,IST,"An Italian mozzarella bar serving buffalo mozzarella di bufala with prosciutto, tomatoes, and Italian antipasti.",Italian
Paşa Döner,IST,A traditional Turkish doner kebab restaurant serving slow-roasted lamb doner in flatbread or as a plate.,Turkish Kebab
Pidem,IST,"A Turkish pide restaurant serving freshly baked Turkish flatbreads (pide) topped with cheese, minced meat, and eggs.",Turkish
Pizzeria Enzo,IST,An Italian pizza restaurant serving Neapolitan-style wood-fired pizzas with classic and creative toppings.,Italian Pizza
Refresh,IST,"A juice and smoothie bar offering fresh fruit juices, detox shots, and energizing blended drinks.",Juice Bar
Rey Food & Drink,IST,A Turkish cafe and food outlet serving a mix of Turkish and international quick meals and beverages.,Turkish & International
Rey Organic,IST,"An organic-focused cafe serving healthy organic meals, fresh juices, and plant-based dishes.",Organic & Healthy
Seferi,IST,"A Turkish travel-inspired cafe serving traditional Turkish tea, coffee, and regional Turkish snacks.",Turkish Cafe
The Gang Foods,IST,A casual food gang concept serving a varied menu of global street food-inspired dishes and snacks.,Street Food
The House Cafe,IST,"A Turkish upscale casual dining chain serving international dishes, brunch items, and fresh salads alongside cocktails.",International
Tickerdaze,IST,"A bar and snack concept catering to travelers with cocktails, beers, and light international bites.",Bar & Snacks
TRT World Cafe,IST,"A cafe branded with Turkey's international news channel TRT World, serving coffee, snacks, and light meals with news screens.",Cafe
Via Bakery,IST,"A Turkish bakery concept serving freshly baked Turkish breads, simit (sesame rings), pastries, and coffee.",Turkish Bakery
Via Fıçı,IST,A Turkish tap room and snack bar serving draft beers and Turkish-style bar snacks.,Turkish Bar
Via Kiosk,IST,"A quick-service kiosk offering packaged snacks, beverages, and grab-and-go items.",Grab & Go
Vivanda Burger,IST,A gourmet burger restaurant serving quality beef burgers with Turkish-inspired toppings and fresh local ingredients.,Burgers
Çay Saati,IST,A traditional Turkish tea house serving brewed çay (black tea) in tulip-shaped glasses alongside Turkish pastries and sweets.,Turkish Tea House
Alidoro,JFK,"A New York City Italian sandwich institution serving fresh-baked ciabatta sandwiches with premium Italian meats, cheeses, and condiments.",Italian Sandwiches
Apartment 7B Deli & Market,JFK,"A New York apartment-themed deli and market serving classic New York deli sandwiches, salads, and snacks.",Deli
Arrivals Eatery,JFK,"A full-service restaurant and bar in the arrivals area, serving American comfort food and cocktails.",American
Artichoke Pizzeria,JFK,"A New York cult pizzeria famous for its thick, rich artichoke and spinach cream sauce pizza and classic Sicilian slices.",Pizza
Aunt Butchie's Bakery Cafe,JFK,"A Brooklyn bakery institution known for their famous cream pies, layer cakes, and classic American baked goods.",American Bakery
Bagel Boss,JFK,"A New York bagel institution serving hand-rolled New York bagels with lox, cream cheese, and classic deli toppings.",Bagels & Deli
Beacon Bar and Kitchen,JFK,"A bar and kitchen serving American comfort food including pizza, sandwiches, and classic bar snacks.",American Bar
BKLYN Blend,JFK,A Brooklyn-themed specialty coffee shop serving craft espresso drinks and locally inspired cafe snacks.,Coffee Shop
Black Star Bakery & Cafe,JFK,"A cafe and bakery serving freshly baked pastries, sandwiches, and specialty coffee drinks.",Bakery & Cafe
Black Tap Bar,JFK,"An airport bar concept from Black Tap Craft Burgers & Shakes, serving craft beers alongside bar snacks.",Bar
Boulton & Watt,JFK,"A New York gastro pub serving American comfort food, craft beers, and cocktails in a pub-inspired setting.",American Pub
Brindle Room,JFK,"An East Village New York restaurant concept serving American burgers, comfort food, and craft cocktails.",American
Brooklyn Deli,JFK,"A Brooklyn-style deli serving classic overstuffed pastrami, corned beef, and turkey sandwiches.",New York Deli
Brooklyn Rebel,JFK,A Brooklyn-themed bar and restaurant serving American comfort food and a full cocktail and craft beer menu.,American Bar
Bryant Park Market,JFK,"A New York market concept evoking Manhattan's Bryant Park, offering grab-and-go items and New York-themed snacks.",Market & Grab & Go
Caribbean Kitchen,JFK,"A Caribbean restaurant serving jerk chicken, rice and peas, plantains, and other Caribbean island dishes.",Caribbean
Cibo Express,JFK,"A grab-and-go market and cafe offering pre-packaged meals, salads, sandwiches, and specialty coffee drinks.",Grab & Go
Cobblestones Biergarten & Bar,JFK,"A German-inspired biergarten serving German lagers, wheat beers, and traditional German bar snacks in a communal setting.",German Beer Garden
Connie Cocktail Lounge,JFK,"An aviation-themed cocktail lounge inspired by a TWA Constellation plane, serving craft cocktails and light bites.",Cocktail Lounge
Crêpes Your Way,JFK,A French crêperie serving sweet and savory crepes with customizable fillings in classic and creative combinations.,French Crepes
Custom Burgers,JFK,"A build-your-own burger concept serving fresh, customized beef and chicken burgers with a variety of toppings.",Burgers
Dear NYC,JFK,A New York-themed eatery celebrating New York food culture with classic NYC-inspired dishes and snacks.,American
Dos Toros Tequila Bar,JFK,"A Mexican taqueria and tequila bar serving tacos, burritos, and quesadillas with a tequila and margarita menu.",Mexican
Downtown Market,JFK,"A New York market-style deli offering grab-and-go sandwiches, snacks, and beverages.",Market & Deli
Eastward,JFK,"An Asian-inspired restaurant serving East Asian dishes including noodles, rice bowls, and dim sum-style bites.",Asian
Eat and go,JFK,"A convenience grab-and-go counter offering packaged sandwiches, snacks, and beverages for quick purchase.",Grab & Go
Euro Cafe,JFK,"A European-styled cafe serving espresso drinks, croissants, and light European-inspired snacks and pastries.",European Cafe
Five Borough Food Hall,JFK,"A New York food hall concept representing all five boroughs, with diverse food stalls serving NYC-inspired cuisine.",Food Hall
Flatiron Coffee Roasters,JFK,A New York specialty coffee roaster serving precision-brewed espresso drinks and single-origin pour-overs.,Coffee Shop
Fly-By Bagels,JFK,A New York bagel kiosk serving classic hand-rolled bagels with cream cheese and deli toppings for on-the-go travelers.,Bagels
Flying Tacos,JFK,"A Mexican taco stand serving quick-service street-style tacos with chicken, beef, and vegetarian fillings.",Mexican
Gotham Speakeasy,JFK,"A Prohibition-era-inspired speakeasy bar serving classic cocktails, whiskeys, and New York-style snacks.",Cocktail Bar
Guy Fieri's Flavortown,JFK,"A celebrity chef Guy Fieri-branded casual restaurant serving his signature American comfort food including burgers, loaded fries, and wings.",American
H & H Bagels,JFK,"A New York bagel legend serving their iconic large, chewy H&H bagels with smoked salmon, cream cheese, and classic toppings.",Bagels & Deli
Horizon Bakery - CEGM,JFK,"An airport bakery serving freshly baked breads, pastries, and cafe beverages throughout the day.",Bakery & Cafe
Jacob's Pickles,JFK,"A New York Upper West Side neighborhood restaurant serving American Southern-inspired food with house-made pickles, biscuits, and craft beers.",American Southern
Joe Coffee,JFK,A beloved New York City specialty coffee chain serving carefully sourced espresso drinks and pour-over coffees.,Coffee Shop
Lucy's Asian Kitchen,JFK,"A pan-Asian kitchen serving a diverse menu of Chinese, Japanese, Korean, and Southeast Asian dishes.",Pan-Asian
Madhuban Modern Indian,JFK,"A modern Indian restaurant serving refined Indian dishes with contemporary presentation, including curries, biryanis, and tandoor preparations.",Indian
Midtown Bistro,JFK,An American bistro serving classic New York comfort food in a casual midtown-inspired setting.,American Bistro
Mister Softee,JFK,An iconic New York soft-serve ice cream brand serving their signature creamy soft-serve in cones and sundaes.,Ice Cream
Mito,JFK,"A Japanese-inspired restaurant serving sushi, ramen, and pan-Asian fusion dishes.",Japanese
Naya,JFK,"A Lebanese fast-casual restaurant serving wraps, mezze, falafel, and other Levantine dishes with fresh ingredients.",Lebanese
Nolita Wine Bar,JFK,A New York Nolita-inspired wine bar serving a curated selection of wines by the glass with cheese and charcuterie boards.,Wine Bar
Nom Wah,JFK,"The first dim sum restaurant in New York City's Chinatown, now serving their classic steamed and fried dim sum at the airport.",Dim Sum
Nom Wah Bar,JFK,"The bar component of Nom Wah, serving cocktails, Asian-inspired drinks, and bar snacks alongside dim sum bites.",Chinese Bar
NY Deli / Gateway Bake Shop,JFK,"A New York deli and bakery serving classic deli sandwiches, pastries, breads, and fresh-baked goods.",New York Deli
NY Fresh Subs,JFK,A sub sandwich counter serving fresh-made New York-style submarine sandwiches with a variety of deli fillings.,Sandwiches
NY Minute,JFK,"A quick grab-and-go concept serving packaged meals, New York snacks, and beverages.",Grab & Go
Paris Cafe,JFK,"A French-inspired cafe serving croissants, baguette sandwiches, espresso drinks, and Parisian-style pastries.",French Cafe
Petit Gourmet,JFK,"A small gourmet cafe serving artisan sandwiches, pastries, and specialty coffee drinks for discerning travelers.",Gourmet Cafe
Pizza  Pub,JFK,A pizza pub serving classic New York-style pizza slices and draft beers in a casual pub setting.,Pizza & Bar
Pizza Vino Bar,JFK,An Italian-American pizza and wine bar serving classic and creative pizza by the slice alongside Italian wines.,Italian Pizza & Wine
Pizza Vino Kitchen & Bar,JFK,"A full-service pizza kitchen and wine bar offering Italian pizza, pasta, and wine in a casual setting.",Italian
Pool Bar,JFK,"A retro-themed bar at the TWA Hotel pool area, serving cocktails and light bites in a mid-century modern setting.",Cocktail Bar
Revive,JFK,"A health and wellness cafe serving fresh juices, smoothies, and nutrient-packed snacks for health-conscious travelers.",Healthy & Juices
Revolucion,JFK,"A Mexican restaurant serving tacos, burritos, guacamole, and margaritas with a lively Mexican atmosphere.",Mexican
Shin Ramyun,JFK,A Korean instant ramen-inspired noodle bar serving Shin Ramen noodle soups and Korean comfort food.,Korean Ramen
So Chocolate,JFK,"A chocolate boutique and dessert bar serving artisan chocolates, hot chocolate drinks, and sweet confections.",Chocolate & Desserts
Soho Bites,JFK,"A New York Soho-inspired eatery serving casual American bites, sandwiches, and coffee.",American
Soy & Sake,JFK,"A Japanese restaurant serving sushi, noodles, rice dishes, and sake in a casual modern setting.",Japanese
Supply Five Co.,JFK,A craft beer and provisions concept serving a rotating selection of local and national craft beers alongside beer snacks.,Craft Beer Bar
Taste of NY,JFK,"A food concept celebrating iconic New York flavors with classic NYC dishes, street food, and New York specialties.",American
Tender Crush,JFK,A cocktail bar serving creative craft cocktails and mocktails alongside light bar snacks.,Cocktail Bar
The Blinded Tiger,JFK,A craft beer and cocktail bar serving a broad selection of local craft beers and mixed drinks.,Craft Beer Bar
The Brooklyn Counter,JFK,A Brooklyn-style burger counter serving smash burgers with crispy edges and quality beef on brioche buns.,Burgers
The Connie,JFK,"An aviation-themed cocktail bar in the restored TWA Constellation aircraft, serving period-inspired cocktails and small bites.",Cocktail Bar
The Golden Krust,JFK,"A Jamaican-Caribbean bakery and fast food chain serving beef and chicken patties, coco bread, and Jamaican-style comfort food.",Caribbean
The Local,JFK,"A neighborhood-style bar and grill serving American comfort food, burgers, and craft beers in a casual setting.",American Bar
The Palm Bar & Grill,JFK,"A bar and grill serving American steakhouse staples including steaks, burgers, and seafood alongside classic cocktails.",American Steakhouse
The Sunken Lounge,JFK,A retro mid-century cocktail lounge serving classic and contemporary cocktails in a stylish sunken bar setting.,Cocktail Lounge
True Burger,JFK,A craft burger restaurant serving premium beef burgers with quality ingredients and house-made sauces.,Burgers
TWA Corner Store,JFK,"A retro-themed corner store at the TWA Hotel stocking New York snacks, packaged goods, and TWA-branded merchandise.",Grab & Go
Uptown Bar,JFK,"A New York Uptown-inspired bar serving cocktails, beers, and bar snacks in a refined setting.",Bar
Uptown Market,JFK,"A market concept offering grab-and-go items, sandwiches, and New York-inspired snacks.",Market & Grab & Go
Van Wyck Bar & Grill,JFK,"A bar and grill named after the Van Wyck Expressway, serving American pub food, wings, and classic cocktails.",American Bar & Grill
Villa Russo,JFK,"An Italian restaurant serving classic pasta, pizza, and Italian-American comfort food.",Italian
VINNY'S Panini,JFK,"An Italian-style panini shop serving pressed Italian sandwiches with cured meats, mozzarella, and roasted vegetables.",Italian Sandwiches
Wok & Roll,JFK,"A Chinese-Asian fast food restaurant serving stir-fried noodles, fried rice, and quick wok-cooked dishes.",Chinese
Wurst Sausages,JFK,"A sausage stand serving German-style bratwurst, knockwurst, and gourmet sausages in buns with classic toppings.",German
Aircraft Brewers,JNB,A South African craft brewery and bar serving their own-brewed ales and lagers alongside pub food.,Craft Beer Bar
Brittans,JNB,A South African restaurant serving classic South African and international comfort food.,South African
Byte Restaurant,JNB,"A casual tech-themed restaurant serving light meals, coffee, and snacks in a connected environment.",International
Capello,JNB,"An Italian-inspired cafe and restaurant serving pasta, pizza, coffee, and Italian pastries.",Italian
Chocolate,JNB,"A chocolate boutique and dessert shop serving artisan chocolates, truffles, and chocolate-based sweet treats.",Chocolate & Desserts
Cosmic Candy,JNB,A candy and confectionery shop offering South African and international sweets and snacks.,Confectionery
Delione,JNB,"A South African deli and cafe serving freshly prepared sandwiches, salads, and hot meals.",Deli & Cafe
Dough & Co,JNB,"A bakery and cafe serving artisan doughnuts, pastries, and freshly brewed specialty coffee.",Bakery & Cafe
Europa,JNB,"A South African cafe and deli chain serving freshly made sandwiches, wraps, and coffee.",Cafe & Deli
Home of Joe,JNB,A specialty coffee shop serving handcrafted espresso drinks and light cafe snacks.,Coffee Shop
Jacksons Republic,JNB,"A South African casual restaurant and bar serving a varied menu of grills, burgers, and international comfort food.",South African & International
Lucky Bread,JNB,"A South African artisan bakery serving freshly baked breads, rolls, and pastries.",Bakery
Piece a Pizza,JNB,A pizza-by-the-slice counter serving quick pizza options with classic and creative toppings.,Pizza
Sweets on the Go,JNB,A candy and sweets kiosk offering packaged South African and international confectionery for travelers.,Confectionery
The Sweet Shop,JNB,"A dessert and candy shop stocking a range of chocolates, sweets, and sugary treats.",Confectionery
TJT Snack Bar,JNB,A simple snack bar serving light South African and international snacks and quick bites.,Snack Bar
Vida e Cafe,JNB,"A South African specialty coffee chain inspired by Portuguese cafe culture, serving espresso drinks, pastéis de nata, and light snacks.",Coffee & Cafe
Wimpey,JNB,"A classic South African fast food chain serving burgers, fish and chips, and breakfast items.",Fast Food
551HORAI,KIX,An Osaka institution famous for its nikuman (steamed pork buns) and shumai dumplings — a beloved local food tradition.,Chinese Japanese
Azusa Coffee,KIX,A Japanese specialty coffee shop serving pour-over and espresso drinks alongside freshly baked pastries.,Coffee Shop
BOTEJYU 1946,KIX,"An Osaka okonomiyaki institution founded in 1946, serving Osaka-style savoury pancakes (okonomiyaki) and yakisoba.",Japanese
Cafe & Bar 和 SAKURA,KIX,"A Japanese-themed cafe and bar serving Japanese beers, sake, and light Japanese snacks and small plates.",Japanese Cafe & Bar
Café DIOR by Anne-Sophie Pic,KIX,"A luxury café from the Dior fashion house in partnership with three-Michelin-star chef Anne-Sophie Pic, serving refined French pastries, macarons, and afternoon tea.",French Patisserie
COCO'S Airport Dining,KIX,"A family restaurant chain serving a broad Western and Japanese menu including pasta, grills, and Japanese set meals.",Japanese & International
COLOSSEO,KIX,"An Italian restaurant serving classic pasta, pizza, and Italian dishes in a Colosseum-inspired setting.",Italian
DOTONBORIKAMUKURA,KIX,An Osaka ramen restaurant serving tonkotsu and soy-based ramen from the famous Dotonbori dining district.,Japanese Ramen
ESPRESSO & BAKERY,KIX,"A Japanese bakery and espresso bar serving freshly baked breads, pastries, and specialty coffee drinks.",Bakery & Coffee
GENKI SHOUTEN,KIX,"A lively Japanese izakaya-style restaurant serving grilled skewers, Japanese appetizers, and local Kansai dishes.",Japanese Izakaya
Hanazato,KIX,A Japanese restaurant serving traditional Kansai cuisine including kaiseki-inspired dishes and seasonal Japanese food.,Japanese
Homemade Udon KINEYA MUGIMARU,KIX,A Japanese udon restaurant serving hand-made thick wheat noodles in Osaka-style light dashi broth.,Japanese Udon
Japan Traveling Restaurant by BOTEJYU,KIX,"A culinary tour of Japan concept from Botejyu, showcasing regional Japanese dishes from across the country.",Japanese Regional
JAPANESE RESTAURANT,KIX,"A Japanese restaurant serving a classic selection of traditional Japanese dishes including ramen, sushi, and set meals.",Japanese
Kagonoya,KIX,A Japanese restaurant specializing in Kagoshima-style black pork (kurobuta) tonkatsu and grilled pork dishes.,Japanese Tonkatsu
Kanekohannosuke,KIX,A tempura restaurant specializing in deep-fried tempura served over rice (tendon) and set meals.,Japanese Tempura
KIEFEL,KIX,"A German-style bakery serving artisan breads, pretzels, and pastries alongside coffee.",German Bakery
KIX BEER,KIX,A craft beer bar serving local Kansai and Japanese craft beers alongside pub snacks and light meals.,Craft Beer Bar
LE PAN Kobe Kitano,KIX,"A French patisserie and bread bakery from Kobe, serving artisan French pastries, baguettes, and croissants.",French Bakery
maidoookinishokudo kankushokudo,KIX,"A Japanese canteen-style restaurant serving home-style Osaka dishes with rice, miso soup, and Japanese sides.",Japanese
MENSHO,KIX,"A renowned Tokyo-origin ramen restaurant serving creative, innovative ramen using premium ingredients and technique.",Japanese Ramen
MUSUBIYA HINONE MIZUNONE,KIX,A Japanese onigiri and rice ball shop serving freshly made rice balls with various fillings and Japanese set items.,Japanese
nana's green tea,KIX,"A matcha-focused cafe chain serving matcha lattes, matcha soft serve, hojicha drinks, and Japanese wagashi sweets.",Japanese Matcha Cafe
Olive Hill,KIX,A cafe and light meal restaurant serving Mediterranean-inspired dishes and sandwiches.,Mediterranean Cafe
OnigiriBurger,KIX,"A creative Japanese rice burger concept where rice patties replace bread buns, filled with teriyaki chicken and other Japanese fillings.",Japanese
Osaka Gochi Shokudou,KIX,"An Osaka-style casual Japanese cafeteria serving classic Kansai dishes including takoyaki, okonomiyaki, and set meals.",Japanese Osaka
OSAKA TENMA SUSHI NISHIYA,KIX,An Osaka sushi restaurant from the Tenma area serving Edomae-style nigiri sushi and Osaka-style pressed sushi.,Japanese Sushi
PRONTO TERMINAL 1,KIX,A Japanese coffee and bar chain that transitions from a coffee shop in the morning to a cocktail bar at night.,Coffee & Bar
Ryu-ka Seian Toushomen,KIX,A Chinese noodle restaurant serving Osaka-style Chinese noodle dishes and stir-fries.,Chinese Noodles
SAINT MARC CAFÉ,KIX,A Japanese cafe chain famous for its choco-croi (croissant with chocolate cream) and freshly baked breads and pastries.,Japanese Bakery Cafe
San Marco Curry,KIX,"A Japanese curry restaurant serving Japanese-style curry rice in the Kansai tradition, known for mild and rich curry sauces.",Japanese Curry
SOJIBO,KIX,A Japanese soba restaurant serving hand-made buckwheat noodles in both hot and cold preparations.,Japanese Soba
SUSHI OTAKU,KIX,"A sushi restaurant serving a range of fresh nigiri, maki rolls, and Osaka-style pressed sushi.",Japanese Sushi
TAKOMASA,KIX,An Osaka takoyaki specialist serving the city's famous octopus ball street snack fresh from the griddle.,Japanese Street Food
The Brasserie,KIX,"A European brasserie-style restaurant serving grilled meats, salads, and international dishes.",European Brasserie
Toh-Lee,KIX,"A Chinese restaurant serving Cantonese and Chinese cuisine including dim sum, roasted meats, and noodle dishes.",Chinese
TONKATSU WAKO KEITEI,KIX,"A premium tonkatsu restaurant serving deep-fried breaded pork cutlets with Japanese miso soup, pickles, and rice.",Japanese Tonkatsu
Tsukiji Magoemon,KIX,"A tuna-focused Japanese restaurant from Tokyo's Tsukiji fish market tradition, serving sushi, donburi, and fresh seafood.",Japanese Seafood
ZETTERIA,KIX,A Japanese burger chain known for their quality beef burgers and creative Japanese-influenced toppings.,Burgers
È PRONTO,KIX,"A Japanese cafe bar that serves coffee in the morning and beer and cocktails in the evenings, typical of the Pronto concept.",Coffee & Bar
☆Soup,KIX,A Japanese soup restaurant serving a selection of warm Japanese soups and set meals.,Japanese Soups
ABC Kitchen,KUL,"A Malaysian cafeteria serving local favorites such as nasi lemak, mee goreng, and classic Malaysian rice and noodle dishes.",Malaysian
Avian Grab & Fly,KUL,"A grab-and-go counter offering pre-packaged sandwiches, Malaysian snacks, and beverages for quick purchase.",Grab & Go
CAFE LOKA LOKA,KUL,"A Malaysian cafe concept serving local Malaysian coffee, teh tarik, kuih, and light Malaysian snacks.",Malaysian Cafe
CBTL,KUL,"A Coffee Bean & Tea Leaf outlet serving espresso drinks, blended beverages, teas, and light cafe snacks.",Coffee & Tea
Chef Wan Petite,KUL,"A restaurant concept from Malaysian celebrity chef Wan Abdul Wahab, serving traditional Malay dishes and regional Malaysian cuisine.",Malaysian
Flight Club,KUL,A Malaysian restaurant and bar serving local and international dishes alongside cocktails and beers.,Malaysian & International
Flight Club Signature,KUL,"The signature premium version of Flight Club, offering an elevated Malaysian and international dining experience.",Malaysian & International
Gloria Jeans,KUL,"An Australian coffee chain serving espresso drinks, blended coffees, teas, and light cafe snacks.",Coffee Shop
Grandmamas,KUL,"A Malaysian homestyle restaurant serving traditional Malaysian grandmother-style comfort food including curries, rice dishes, and local desserts.",Malaysian
Jamie Oliver Pizzeria,KUL,"A pizza restaurant from celebrity chef Jamie Oliver serving Italian-inspired pizzas with fresh, quality ingredients.",Italian Pizza
Jibby Chow,KUL,A Malaysian fusion cafe serving a blend of local Chinese-Malaysian dishes and contemporary cafe food.,Malaysian Fusion
Kitchen Open House,KUL,An open kitchen concept serving a broad menu of Malaysian and international dishes in a casual setting.,Malaysian & International
Noooodle,KUL,A Malaysian noodle restaurant serving a variety of Asian noodle soups and stir-fried noodle dishes.,Malaysian Noodles
O'briens,KUL,"An Irish sandwich chain serving freshly made sandwiches, wraps, soups, and coffee drinks.",Sandwiches & Cafe
ORIENTAL KOPI,KUL,"A Malaysian kopitiam serving traditional Southeast Asian kopi (coffee), teh tarik, and local breakfast items.",Malaysian Kopitiam
QUEEN COFFEE & MEALS,KUL,"A Malaysian cafe serving local coffee, light Malaysian meals, and snacks throughout the day.",Malaysian Cafe
Sense of Malaysia - Kueh Kita,KUL,A Malaysian heritage food concept serving traditional kuih (bite-sized Malay-Chinese pastries and cakes) and local sweet snacks.,Malaysian Kueh
Serai,KUL,"A Malaysian restaurant serving refined Malaysian and Malay cuisine including rendang, nasi lemak, and traditional rice dishes.",Malaysian
Singgah,KUL,A Malaysian roadside-stop-inspired concept serving local Malaysian comfort food and traditional roadside dishes.,Malaysian
Snek & Co,KUL,"A Malaysian snack and confectionery shop selling local snacks, kerepek, and traditional Malaysian sweet treats.",Malaysian Snacks
The Coffee Beans,KUL,A Malaysian specialty coffee shop serving artisan espresso drinks and light cafe snacks.,Coffee Shop
The Loaf,KUL,A Malaysian premium bakery chain known for Hokkaido-inspired breads and Japanese-influenced baked goods alongside coffee.,Japanese Bakery
Barney's Lounge,LAS,"A classic airport lounge bar serving cocktails, beers, and light snacks in a casual setting.",Bar & Lounge
BRB Boba Tea,LAS,A boba tea bar serving bubble tea drinks with tapioca pearls and other Asian-style tea beverages.,Tea Bar
Crafted Bar,LAS,"A craft cocktail and beer bar serving artisan cocktails, local craft beers, and wine alongside bar snacks.",Craft Beer Bar
Esplanade Bar,LAS,"A bar in the main concourse serving a full range of cocktails, beers, and light refreshments.",Bar
Espresso Urbano by Sambalatte,LAS,"A Las Vegas specialty coffee brand serving artisan espresso drinks, cold brew, and light pastries.",Coffee Shop
Full Bar,LAS,"A fully stocked airport bar serving a complete range of spirits, cocktails, wines, and beers.",Bar
Gaming Lounge,LAS,"A combined gaming and bar lounge offering slot machines alongside cocktails, beers, and light snacks.",Bar & Gaming
Jose Cuervo Tequileria,LAS,"A Jose Cuervo-branded tequila bar serving margaritas, tequila shots, and Mexican-inspired bar snacks.",Tequila Bar
Koi Kitchen,LAS,"A pan-Asian kitchen serving sushi, Japanese, and Chinese-inspired dishes including rice bowls and noodle plates.",Asian
LAS MKT,LAS,A market-style food hall offering diverse food options from multiple Las Vegas-inspired vendors.,Food Hall
Lucky Streak Cocktail Lounge,LAS,A Vegas-themed cocktail lounge serving signature casino-inspired cocktails and light bites.,Cocktail Lounge
Metro Pizza,LAS,A Las Vegas-based pizza institution known for their New York-style thin-crust pizza and classic American pizza toppings.,Pizza
Modelo Cantina,LAS,"A Mexican-American cantina branded with Modelo beer, serving Mexican food, margaritas, and ice-cold Modelo cervezas.",Mexican
PGA TO GO,LAS,"A PGA Tour-branded grab-and-go market offering packaged snacks, beverages, and golf merchandise.",Grab & Go
PGA Tour Grill,LAS,"A golf-themed bar and grill serving American comfort food including burgers, sandwiches, and appetizers alongside draft beer.",American Bar & Grill
Poke Poke,LAS,"A Hawaiian-inspired poke bowl restaurant serving customizable bowls with fresh raw fish, rice, and various toppings.",Hawaiian Poke
Port of Subs/Mrs. Fields,LAS,"A combined sub sandwich and Mrs. Fields cookie concept, serving fresh submarine sandwiches alongside the iconic cookie brand.",Sandwiches & Bakery
Rachel's Kitchen,LAS,"A Las Vegas-based cafe and fast-casual restaurant serving fresh salads, sandwiches, soups, and breakfast items.",American Cafe
Sammy's Beach Bar & Grill,LAS,"A beach-themed bar and grill serving tropical cocktails, fish tacos, burgers, and casual American beach food.",American
Sammy's Woodfired Pizza,LAS,"A pizza restaurant from the Sammy's concept, serving wood-fired pizzas with fresh toppings.",Pizza
Snack Shack,LAS,"A casual snack counter serving hot dogs, nachos, and other quick concession-style snacks.",Snack Bar
Tacos Locos,LAS,A Mexican taco stand serving a variety of classic and creative street-style tacos with fresh ingredients.,Mexican
Tequileria Grille,LAS,"A Mexican grill and tequila bar serving tacos, burritos, quesadillas, and a full tequila menu.",Mexican
The B Lounge,LAS,"A lounge bar serving cocktails, wines, and light snacks in a comfortable airport lounge setting.",Bar & Lounge
The Great American Bagel Bakery,LAS,"A bagel bakery serving freshly baked New York-style bagels with a range of cream cheese, deli spreads, and toppings.",Bagels & Bakery
Vegas Baby Bar,LAS,"A Vegas-themed airport bar serving cocktails, beers, and light snacks with casino-inspired decor.",Bar & Lounge
Vending Machine - M&Ms,LAS,An M&Ms-branded vending machine dispensing M&M chocolates and snack-size candy products.,Vending
Villa Fresh Italian Kitchen,LAS,"An Italian fast-casual restaurant serving pizza by the slice, pasta dishes, and Italian-inspired salads.",Italian
800 Degrees Pizza,LAX,A Neapolitan-style pizza chain serving custom-built pizzas fired in an 800-degree oven in under 2 minutes.,Pizza
Ace Cerveceria & Tacos,LAX,"A Mexican cerveceria and taco bar serving craft Mexican beers, margaritas, and authentic street tacos.",Mexican
Betcha Burgers & Bar,LAX,"A casual burger bar serving hand-crafted beef burgers, loaded fries, and cocktails.",Burgers
Border Grill,LAX,"A modern Mexican restaurant from celebrity chefs Mary Sue Milliken and Susan Feniger, serving bold, fresh Mexican dishes including tacos, ceviches, and margaritas.",Mexican
Chicken Guy,LAX,A chicken restaurant from Guy Fieri serving crispy fried chicken tenders with a variety of creative dipping sauces.,Fried Chicken
Coffee Bean & Tea Leaf,LAX,"An international coffee and tea chain serving handcrafted espresso drinks, blended ice drinks, and loose-leaf teas.",Coffee & Tea
Double Smash,LAX,"A smash burger restaurant serving thin, crispy-edged double-patty burgers on soft brioche buns.",Burgers
Engine,LAX,A bar and restaurant serving craft cocktails and comfort food in a hangar-inspired aviation setting.,American Bar
Fat Sal's,LAX,"A Los Angeles college-favorite sandwich shop famous for their overstuffed hoagies loaded with multiple proteins, fries, and sauces.",Sandwiches
Fresh Brothers,LAX,"A Los Angeles pizza chain serving gluten-free friendly, made-to-order pizzas with quality fresh ingredients and creative toppings.",Pizza
Homeboy Cafe,LAX,"A social enterprise cafe from Homeboy Industries, serving coffee, pastries, and light meals made by people who have experienced incarceration.",American Cafe
Ink Sack,LAX,"A sandwich concept from LA chef Michael Voltaggio, serving creative gourmet sandwiches with premium, artisan ingredients.",Gourmet Sandwiches
Kentucky Fried Chicken,LAX,"The global fried chicken chain KFC serving their original recipe fried chicken, chicken sandwiches, and sides.",Fast Food
Navarre,LAX,"An upscale American bar and lounge serving craft cocktails, wines, and upscale bar snacks.",American Bar
Pick Up Stix,LAX,"A California-based Asian fast-casual chain serving wok-prepared Chinese dishes including chow mein, orange chicken, and fried rice.",Chinese American
Pizza Please,LAX,A pizza-by-the-slice counter serving classic and gourmet pizza options with a rotating daily selection.,Pizza
Rolling Stone,LAX,A rock music-themed bar and restaurant serving American comfort food and rock-inspired cocktails and beers.,American Bar
Sammy's Woodfired Pizza & Grill,LAX,"A California pizza and grill restaurant serving wood-fired pizzas, pasta, salads, and grilled entrees.",American Grill
Santa Monica Brew Works,LAX,A Santa Monica craft brewery tap room serving their own-brewed ales and lagers alongside pub food.,Craft Beer Bar
The Counter,LAX,A build-your-own gourmet burger restaurant where diners customize their burgers from a wide selection of ingredients.,Burgers
The Playa Cafe,LAX,"A California-inspired beach cafe serving fresh wraps, salads, and smoothies in a casual sunny setting.",California Cafe
Wahoo's Fish Taco,LAX,"A California-born surf-inspired taco chain serving fresh fish tacos, burritos, and Mexican-Caribbean-inspired dishes.",Mexican Seafood
Big Smoke,LGW,"A British smokehouse and bar serving slow-smoked BBQ ribs, brisket, pulled pork, and a selection of craft beers.",American BBQ
GAIL's,LGW,"A beloved London artisan bakery chain serving fresh sourdough, pastries, sandwiches, and specialty coffee.",British Bakery
Juniper & Co,LGW,"A modern gin bar and bistro serving gin cocktails, prosecco, and light modern British dishes.",British Bar
Pure,LGW,"A London-born health food chain serving fresh wraps, soups, salads, and grain bowls made daily.",Healthy & Fresh
Sonoma,LGW,"A relaxed California wine country-inspired bar and restaurant serving wines, cocktails, and light American and European dishes.",Wine Bar & Bistro
South Downs Bar,LGW,"A British-themed bar celebrating the South Downs, serving ales, beers, and classic British bar snacks.",British Pub
Sussex House,LGW,"A British pub and restaurant themed around Sussex, serving traditional British pub food and local ales.",British Pub
The Beehive,LGW,"A traditional British pub serving ales, wines, and classic pub grub including pies and fish and chips.",British Pub
The Breakfast Club,LGW,"A popular London breakfast and brunch restaurant serving all-day British and American-style breakfasts, burgers, and shakes.",British Breakfast
The Flying Horse,LGW,"A British-themed pub serving ales, stouts, and classic pub food in a traditional English tavern setting.",British Pub
The Red Lion,LGW,"A classic British pub serving a range of ales, beers, and traditional pub food including fish and chips.",British Pub
Wondertree,LGW,"A nature-themed cafe and restaurant serving healthy salads, fresh juices, and light British and international dishes.",Healthy & Cafe
Aura Bar,LHR,"A stylish bar at Heathrow serving cocktails, wines, and premium spirits alongside light bites.",Bar
Co-Pilots,LHR,An aviation-themed bar and casual restaurant serving British pub food and cocktails with an aircraft decor theme.,British Bar
Fortnum & Mason Bar,LHR,"A premium bar from Fortnum & Mason — London's iconic luxury grocer — serving champagne, wines, afternoon tea, and luxury British provisions.",British Luxury
Gordon Ramsay Plane Food Market,LHR,"A grab-and-go market concept from Gordon Ramsay's Plane Food brand, offering pre-packed quality sandwiches, salads, and snacks.",Grab & Go
Le Cafe Louis Vuitton,LHR,"An exclusive Louis Vuitton cafe serving French-inspired light meals, pastries, and beverages in an elegant luxury setting.",French Luxury Cafe
London's Pride by Fullers,LHR,A Fuller's Brewery-branded pub serving London Pride and other Fuller's ales alongside classic British pub food.,British Pub
Pilots Bar and Kitchen,LHR,"An aviation-themed bar and kitchen serving British comfort food, burgers, and cocktails in a pilot-inspired setting.",British Bar & Grill
Shan Shui,LHR,"A Chinese restaurant serving traditional Cantonese and Chinese dishes including dim sum, noodles, and rice dishes.",Chinese
Star Light,LHR,"A bar and lounge offering cocktails, wine, and light bites in a relaxed star-themed setting.",Bar & Lounge
The Crown Rivers Wetherspoon,LHR,"A J.D. Wetherspoon pub at Heathrow serving affordable British pub food, British ales, and a broad range of drinks.",British Pub
The Curator,LHR,"A contemporary bar and restaurant serving curated cocktails, wines, and modern British and European light meals.",British Bar
The Evergreen Bar and Restaurant,LHR,A bar and restaurant serving a broad menu of international dishes alongside cocktails and beers.,International
The Globe,LHR,"A global-themed bar and restaurant serving international beers, cocktails, and international comfort food.",International Bar
The Oceanic,LHR,"A seafood-inspired bar and restaurant serving fresh fish dishes, chowder, and seafood alongside wines and cocktails.",Seafood
The Queen's Arms,LHR,"A traditional British pub serving ales, stouts, wines, and classic pub grub including pies and fish and chips.",British Pub
The Vinery,LHR,A wine-focused bar serving an extensive list of wines by the glass alongside cheese and charcuterie boards.,Wine Bar
Wild Olive,LHR,"A Mediterranean restaurant serving Greek and Mediterranean dishes including mezze, grilled seafood, and fresh salads.",Mediterranean
YO!,LHR,"A popular UK-based Japanese conveyor belt sushi chain serving a wide variety of fresh sushi, Japanese hot dishes, and snacks.",Japanese Sushi
5 Boroughs Food Emporium,LGA,A New York food emporium celebrating all five boroughs with diverse NYC-inspired dishes and food vendors.,Food Hall
Artichoke Pizza,LGA,"A New York slice cult classic serving thick, creamy artichoke-and-spinach pizza and Sicilian-style slices.",Pizza
Bar 212,LGA,"A New York-themed bar serving cocktails, beers, and light snacks in a stylish setting.",Bar
Bar Veloce,LGA,"A New York wine bar serving Italian wines, aperol spritzes, and light Italian small plates.",Italian Wine Bar
Beecher's Handmade Cheese / Sweetleaf Coffee Roasters,LGA,"A combined artisan cheese shop and specialty coffee bar, offering cheese plates and charcuterie from Beecher's and precision-brewed coffees from Sweetleaf.",Cheese & Coffee
Birch Coffee / H&H Bagels / Rossi Pizzeria,LGA,"A combined food concept featuring Birch Coffee specialty espresso, H&H New York bagels, and Rossi New York-style pizza by the slice.",New York Multi-Concept
Brklyn's Best Bagels / Kombu,LGA,A combined counter serving Brooklyn-style bagels and Kombu Asian-inspired bowls and snacks.,Bagels & Asian
Brooklyn Diner,LGA,"A classic Brooklyn-style American diner serving burgers, sandwiches, pancakes, and New York diner comfort food.",American Diner
Bubby's,LGA,"A New York Tribeca neighborhood restaurant known for classic American comfort food, homemade pies, brunch dishes, and housemade baked goods.",American
BuzzFeed,LGA,"A media brand-inspired food concept from BuzzFeed, serving snacks and light meals with a playful, internet-culture theme.",American Snacks
Calista Taverna,LGA,"A Greek-inspired restaurant and bar serving mezze, grilled meats, spanakopita, and classic Greek dishes alongside Greek wines.",Greek
Capital One Landing,LGA,"A premium members lounge from Capital One, offering complimentary food, beverages, and lounge amenities for eligible cardholders.",Lounge
Chopt,LGA,A New York fast-casual salad chain serving customizable chopped salads with quality fresh produce and creative dressings.,Healthy Salads
CIBO Express Foodhall,LGA,"A food hall and market concept offering grab-and-go sandwiches, salads, and specialty coffee drinks.",Food Hall
CIBO Express Gourmet Markets,LGA,"A gourmet market and grab-and-go concept serving premium prepared foods, snacks, and specialty beverages.",Gourmet Market
Cotto Trattoria & Market Place,LGA,"An Italian trattoria and market serving fresh pasta, antipasti, and Italian sandwiches alongside a grocery selection.",Italian
District Market,LGA,"A market concept offering grab-and-go meals, snacks, and beverages for travelers.",Market & Grab & Go
Dos Toros,LGA,"A New York-based Mexican taqueria serving California-style burritos, tacos, and quesadillas.",Mexican
Eggy Weggy / Essex Burger,LGA,A combined concept offering egg-based breakfast and brunch items alongside gourmet Essex-style burgers.,Burgers & Breakfast
Fiorello Market,LGA,"A New York Italian market and cafe serving Italian-inspired sandwiches, salads, and espresso drinks.",Italian Market
Flatiron Tavern & Provisions,LGA,"A Flatiron-district-inspired bar and provisions shop serving New York comfort food, craft beers, and cocktails.",American Bar
Gotham News,LGA,"A news stand and convenience snack shop offering quick packaged snacks, beverages, and travel items.",Grab & Go
Green Leaf's,LGA,"A salad and healthy food counter serving fresh salads, grain bowls, and light nutritious meals.",Healthy & Salads
Hill Country Barbecue Market,LGA,"A Texas Hill Country-inspired BBQ market serving slow-smoked brisket, pulled pork, ribs, and classic Texas-style sides.",Texas BBQ
Hunt and Fish Grill,LGA,An American grill serving a menu of grilled meats and seafood inspired by hunting and fishing traditions.,American Grill
Il Viaggio,LGA,"An Italian restaurant serving classic Italian dishes including pasta, risotto, and seafood in a travel-inspired Italian setting.",Italian
Junior's Restaurant and Cheesecake,LGA,"A Brooklyn institution famous for their New York cheesecake, serving diner-style comfort food alongside the iconic dessert.",American Diner
King David Tacos,LGA,A kosher taco stand serving Mexican-inspired tacos and wraps that comply with kosher dietary laws.,Kosher Mexican
La Chula Bar & Taqueria,LGA,"A Mexican taqueria and bar serving street-style tacos, nachos, and margaritas.",Mexican
Mad Ave. Market,LGA,"A Madison Avenue-inspired market offering premium grab-and-go items, snacks, and specialty food products.",Gourmet Market
Mezze,LGA,"A Mediterranean and Middle Eastern restaurant serving mezze plates, falafel, hummus, and Levantine dishes.",Mediterranean
Mulberry Street,LGA,"An Italian-American restaurant inspired by New York's Little Italy, serving classic Italian-American comfort food.",Italian American
NY Creperie,LGA,A New York creperie serving sweet and savory French-style crepes with creative New York-inspired fillings.,French Crepes
NYC Aglow,LGA,A New York-themed bar serving cocktails and light bites inspired by the city that never sleeps.,New York Bar
Orpheus + Apollo,LGA,A contemporary American bar and bistro serving craft cocktails and seasonal American small plates and entrees.,American Bistro
Panorama Bar,LGA,"A bar serving cocktails, wines, and beers with a panoramic view of the terminal or runway.",Bar
Poppy's Bagels / Chuko Ramen,LGA,A combined concept offering freshly made New York bagels alongside ramen from the popular Brooklyn ramen shop Chuko.,Bagels & Ramen
Pour Authority,LGA,A craft beer and wine bar serving a broad rotating selection of local craft beers and wines by the glass.,Craft Beer & Wine Bar
Prime Steakhouse,LGA,"A classic American steakhouse serving prime beef cuts, seafood, and sides alongside a full bar.",Steakhouse
Queens Corner,LGA,A New York bar and snack concept celebrating the borough of Queens with diverse food and drink options.,American Bar
Soleil Brasserie,LGA,"A French brasserie serving classic French dishes including croque monsieur, niçoise salad, and steak frites alongside wines.",French Brasserie
Spirit & Bell,LGA,"A cocktail and spirits bar serving craft cocktails, bourbon selections, and bar snacks.",Cocktail Bar
Sunday Supper Trattoria,LGA,"An Italian trattoria serving classic Italian Sunday dinner comfort food including pasta, meatballs, and Sunday gravy dishes.",Italian
Taim Mediterranean Kitchen,LGA,"A New York Mediterranean kitchen serving fresh falafel wraps, hummus plates, Israeli-inspired salads, and Shakshuka.",Mediterranean
Talde Noodle Bar,LGA,A noodle bar from New York chef Dale Talde serving pan-Asian noodle dishes with Filipino and Asian-American influences.,Asian Noodles
Terrace Bar,LGA,"A terrace bar serving cocktails, wines, and light snacks in an open, airy outdoor-style setting.",Bar
The Bowery Bay Shops,LGA,"A market and food shop inspired by New York's Bowery neighborhood, offering specialty products and light bites.",Market & Grab & Go
The Grille,LGA,"An American grill serving classic burgers, sandwiches, and grilled entrees in a straightforward setting.",American Grill
The Line Sports Grill,LGA,"A sports bar and grill serving American bar food including burgers, wings, and nachos with sports coverage.",American Sports Bar
Tony and Benny's Pizza Parlor,LGA,A classic New York pizza parlor serving traditional New York-style thin-crust pizza by the slice.,Pizza
Trinity Burgers,LGA,A gourmet burger restaurant serving quality beef burgers with creative toppings and house-made condiments.,Burgers
Uptown Essentials,LGA,"A New York Uptown market offering packaged snacks, beverages, and essential travel items.",Grab & Go
W.H. Smith,LGA,"A UK-based retail and food chain stocking books, snacks, packaged food, and travel essentials.",Grab & Go
Bodegon,LIM,"A Peruvian-style bodega and snack shop offering quick packaged foods, Peruvian snacks, and light meals.",Peruvian
Burger Boy,LIM,"A casual burger restaurant serving classic American-style burgers, fries, and milkshakes.",Burgers
Callao,LIM,"A Peruvian restaurant inspired by the port city of Callao, serving traditional Peruvian seafood and coastal Criollo dishes.",Peruvian Seafood
Copper,LIM,A modern Peruvian cafe and bar serving contemporary Peruvian dishes and cocktails.,Peruvian
Delicass,LIM,"A deli and cafe serving freshly made sandwiches, salads, and light Peruvian and international snacks.",Deli & Cafe
KO,LIM,A modern Peruvian-Asian fusion restaurant serving Nikkei-style dishes blending Japanese and Peruvian flavors.,Peruvian Asian
La Bonbonniere,LIM,"A French-inspired patisserie and confectionery serving artisan chocolates, macarons, and luxury sweet treats.",French Patisserie
La Lucha,LIM,A beloved Lima sandwich shop known for their chicharrón sandwiches — crispy fried pork in a bun with sweet potato and onions.,Peruvian
Las Reyes,LIM,"A Peruvian restaurant serving traditional Criollo dishes including lomo saltado, aji de gallina, and ceviche.",Peruvian
Las Reyes Swing,LIM,"A bar and lounge concept from Las Reyes serving Peruvian cocktails, pisco sours, and small plate appetizers.",Peruvian Bar
Listo,LIM,"A quick grab-and-go concept offering packaged Peruvian snacks, sandwiches, and beverages.",Grab & Go
Pan Sal Aire,LIM,"A Peruvian bakery serving traditional Peruvian breads, empanadas, and baked savory snacks.",Peruvian Bakery
Papacho's,LIM,A Peruvian gourmet burger restaurant known for their creative burgers using quality local Peruvian ingredients and flavors.,Peruvian Burgers
Pardos Chicken,LIM,"A popular Peruvian chicken chain serving rotisserie chicken, anticuchos (grilled skewers), and Peruvian side dishes.",Peruvian Chicken
Perusuyo,LIM,"A Peruvian restaurant serving diverse regional Peruvian cuisine from across the country's coast, highlands, and jungle regions.",Peruvian
Puku Puku,LIM,"A Peruvian cafe serving local coffee, coca leaf tea, and light Peruvian snacks and pastries.",Peruvian Cafe
Sakamoto,LIM,A Japanese-Peruvian Nikkei restaurant serving sushi and Japanese dishes with Peruvian ingredients and flavors.,Nikkei Japanese
Tanta,LIM,"A restaurant from renowned Peruvian chef Gastón Acurio, serving casual, accessible versions of Peruvian comfort food.",Peruvian
Tanta To Go,LIM,"The grab-and-go version of Tanta by Gastón Acurio, offering quick Peruvian snacks and sandwiches.",Peruvian Grab & Go
Tori,LIM,"A Japanese-inspired restaurant serving sushi, ramen, and Japanese dishes with Peruvian-Japanese fusion touches.",Japanese
Wok to Gate,LIM,"A pan-Asian restaurant serving Chinese, Japanese, and Thai-inspired noodles, rice bowls, and stir-fries.",Asian
Cockpit,LIS,An aviation-themed bar and restaurant serving Portuguese and international dishes alongside cocktails and beers.,Portuguese & International
Cockpit Coffee Shop,LIS,"An aviation-themed coffee shop serving Portuguese coffee, including bica espresso and galão, alongside pastries.",Portuguese Coffee
Confeitaria Nacional,LIS,"A branch of one of Lisbon's oldest and most beloved confectioneries, serving traditional Portuguese pastries including pastéis de nata and bolo rei.",Portuguese Pastry
Delta Café,LIS,"A Portuguese coffee brand Delta's airport cafe, serving their signature espresso and Portuguese-style coffee drinks with pastries.",Portuguese Coffee
Delta Café Central,LIS,"The central Delta Café location offering Portuguese coffee, sandwiches, and snacks throughout the terminal.",Portuguese Coffee
Dots Bakery,LIS,"A modern bakery serving artisan doughnuts, pastries, and specialty coffee drinks.",Bakery & Cafe
First Café,LIS,"A quick-service cafe serving espresso, bica coffee, pastries, and light Portuguese snacks.",Portuguese Cafe
First Class Café,LIS,"A premium cafe concept serving quality coffee drinks, pastries, and light meals in a refined setting.",Cafe
Go Natural,LIS,"A Portuguese health food chain serving fresh salads, soups, sandwiches, and organic juices.",Healthy & Organic
Go To Café,LIS,"A grab-and-go cafe offering quick coffee, pastries, and light snacks for travelers in a rush.",Grab & Go Cafe
Heineken Grand Café,LIS,"A Heineken-branded grand cafe serving Heineken beer on tap, European lagers, and classic pub food.",Bar
Hédiard,LIS,"A Parisian luxury grocery and gourmet store serving high-end food products, champagnes, and artisan French delicacies.",French Luxury
Ice Cream & Flowers,LIS,"A Portuguese artisan ice cream boutique serving fresh ice cream, sorbets, and handmade floral-inspired confections.",Ice Cream
Just Arrived,LIS,"An arrivals-area cafe and restaurant serving light meals, coffee, and snacks for arriving passengers.",Portuguese Cafe
La Pausa Self Service,LIS,A self-service cafeteria offering a variety of Portuguese and international hot dishes and snacks.,Portuguese & International
My Bistro,LIS,"A casual bistro serving Portuguese and international light meals, sandwiches, and café drinks throughout the day.",Portuguese Bistro
My Bistro Coffee & Drinks,LIS,"A coffee and drinks kiosk serving quick espresso drinks, juices, and light Portuguese pastries.",Portuguese Coffee
Nespresso,LIS,A Nespresso-branded coffee boutique and bar serving premium machine-brewed espresso drinks and light accompaniments.,Coffee Bar
O Mercado,LIS,"A Portuguese market-style restaurant serving traditional Portuguese dishes including bacalhau, grilled meats, and market-fresh ingredients.",Portuguese
Padaria Lisboa,LIS,"A Lisbon bakery serving freshly baked Portuguese breads, queijadas, and pastries alongside coffee.",Portuguese Bakery
Pane & Cuore,LIS,"An Italian-Portuguese bakery and cafe serving fresh breads, Italian-inspired pastries, and espresso drinks.",Italian & Portuguese Bakery
Pastelaria Versailles,LIS,"An outpost of the famous Lisbon art deco cafe Versailles, serving traditional Portuguese pastries, cakes, and coffee since the early 20th century.",Portuguese Pastry
Soho,LIS,"A casual contemporary cafe and bar serving international light meals, cocktails, and coffee drinks.",International Cafe
Specially,LIS,"A specialty food boutique offering premium Portuguese products, wines, and packaged foods as travel gifts.",Portuguese Market
Dodo Pizza,LOS,A Nigerian-Russian pizza chain serving classic and creative pizzas with quality toppings.,Pizza
Scoop'd,LOS,An artisan ice cream shop serving handcrafted ice cream in various classic and tropical Nigerian-inspired flavors.,Ice Cream
So Fresh,LOS,"A Nigerian healthy food chain serving fresh salads, smoothies, and wholesome Nigerian and international light meals.",Healthy & Salads
Toasties,LOS,"A quick-service snack bar serving toasted sandwiches, light Nigerian snacks, and beverages.",Sandwiches & Snacks
Aloha,MAD,A Hawaiian and beach-inspired restaurant serving tropical cocktails and light dishes.,Bar & International
Arzábal,MAD,"A modern Madrid tapas restaurant serving traditional Spanish pintxos, cañas, and creative Spanish small plates.",Spanish Tapas
Balbisiana,MAD,"An Italian restaurant serving handmade pastas, wood-fired pizzas, and traditional Italian dishes.",Italian
Bareto,MAD,"A Spanish bar serving classic tapas, bocadillos, and wines in a traditional Spanish bar-café setting.",Spanish Bar
Beher,MAD,A premium Iberian ham specialty shop and restaurant serving sliced jamón ibérico de bellota and Spanish charcuterie.,Spanish Charcuterie
Betelsweet,MAD,"A dessert and coffee bar serving artisan chocolates, cakes, and specialty espresso drinks.",Desserts & Coffee
Bottega Prosecco Bar & Caffè,MAD,"An Italian prosecco bar serving Bottega Prosecco, spritzes, and Italian aperitivo snacks.",Italian Wine Bar
Café Pans,MAD,"A Spanish-style sandwich and cafe chain serving bocadillos, croissants, and coffee drinks.",Spanish Cafe
Cañas y Tapas - Café Pans,MAD,"A combined Spanish tapas bar and Café Pans sandwich concept, serving cañas (draft beer), tapas, and bocadillos.",Spanish Tapas
Central Café,MAD,"A central airport cafe serving espresso, pastries, and light Spanish snacks.",Spanish Cafe
Chia,MAD,"A health food cafe serving chia bowls, salads, smoothies, and organic healthy snacks.",Healthy & Organic
Chök,MAD,A Barcelona-born gourmet doughnut and croissant brand serving creative pastries including their signature churros-doughnuts.,Spanish Bakery
Coffee Republic,MAD,"A British coffee chain serving espresso drinks, smoothies, and light cafe snacks.",Coffee Shop
Corner by Real Madrid,MAD,An officially branded Real Madrid football club bar and restaurant serving Spanish food and drinks in a football-themed setting.,Spanish Bar
Dehesa Santa María,MAD,"A Spanish dehesa (pastureland) restaurant and store showcasing Iberian products including jamón, cheeses, and chorizos.",Spanish
Deliquo,MAD,"A Spanish deli and cafe serving freshly made bocadillos, tapas, and coffee in a casual setting.",Spanish Deli
Enrique Tomás experience,MAD,"A premium jamón ibérico experience bar from renowned ham purveyor Enrique Tomás, offering sliced Iberian ham and Spanish wines.",Spanish Charcuterie
Farine,MAD,"An artisan bakery serving freshly baked breads, croissants, and French and Spanish pastries.",Bakery
Flax & Kale,MAD,"A Barcelona-born plant-based and healthy restaurant serving flexitarian bowls, avocado toast, and organic juices.",Healthy & Vegetarian
Foodies,MAD,A casual food hall concept serving diverse Spanish and international food options from multiple stalls.,Food Hall
Hungry Club,MAD,"A Spanish fast-casual chain serving burgers, sandwiches, and quick meals with Spanish-inspired ingredients.",Spanish Fast Food
Kabuki,MAD,A celebrated Madrid-origin Japanese-Spanish fusion restaurant serving nikkei-influenced sushi and creative fusion dishes.,Japanese Spanish
La Barra de la Bientirada,MAD,"A Spanish bar and tapas concept serving cold beers, wines, pintxos, and Spanish bar snacks.",Spanish Tapas
La Bientirada,MAD,"A casual Spanish bistro serving Spanish comfort food including croquetas, jamón, and regional dishes.",Spanish
La Bottega del Tartufo,MAD,"An Italian truffle specialty shop and restaurant serving truffle-infused pastas, risottos, and artisan truffle products.",Italian Truffle
La Chinata,MAD,A premium Spanish olive oil boutique and tapas bar serving dishes featuring Extremaduran olive oil and regional Spanish products.,Spanish
La Jamonería,MAD,"A Spanish jamón shop and bar serving carved jamón ibérico, Spanish cheeses, and wines.",Spanish Charcuterie
Le Coq,MAD,A French-Spanish chicken rotisserie restaurant serving roasted free-range chicken with French and Spanish sides.,French Rotisserie
Levadura madre,MAD,"A Spanish sourdough bakery chain serving artisan sourdough breads, pastries, and specialty coffee.",Spanish Bakery
Madrí,MAD,"A Madrid-themed restaurant and cafe celebrating local Madrid cuisine with Spanish tapas, bocadillos, and local wines.",Spanish
MasQMenos,MAD,A Madrid-based tapas and cocktail bar serving creative Spanish tapas alongside a broad cocktail menu.,Spanish Tapas
Moscovitas,MAD,A Spanish pastry shop serving moscovita cookies — thin caramelized almond wafers from Salamanca — and other Spanish confections.,Spanish Pastry
Oliva & Bellota,MAD,"A Spanish olive oil and Iberian products bar and shop showcasing premium Spanish olives, oils, and jamón ibérico de bellota.",Spanish
On your way,MAD,"A grab-and-go concept offering freshly packaged sandwiches, snacks, and beverages for travelers in a hurry.",Grab & Go
Pannus,MAD,"A Spanish bakery serving freshly baked artisan breads, empanadas, and Spanish-style pastries.",Spanish Bakery
Pura Brasa,MAD,"A Spanish wood-fired grill restaurant serving meats and fish cooked over charcoal, with Spanish sides and local wines.",Spanish Grill
RODILLA,MAD,"A Spanish fast food chain serving bocadillos, sandwiches, and pastries — a classic Madrid institution since 1939.",Spanish Fast Food
Santa Gloria,MAD,"A Spanish bakery and cafe chain serving artisan breads, croissants, pastries, and specialty coffee.",Spanish Bakery
Sibarium,MAD,A Mediterranean-inspired restaurant and bar serving Spanish and Mediterranean dishes alongside wines and cocktails.,Spanish Mediterranean
Take Away,MAD,"A grab-and-go food concept offering a variety of packaged meals, sandwiches, and snacks.",Grab & Go
Torrons Vicens,MAD,"A Catalan artisan turron (nougat) shop from Agramunt, selling traditional Spanish almond nougat in classic and creative flavors.",Spanish Confectionery
Tutti Frutti,MAD,A Spanish frozen yogurt and gelato chain serving self-serve frozen yogurt with fresh fruit and topping stations.,Frozen Yogurt
Viandas,MAD,"A Spanish charcuterie and deli serving premium Iberian meats, cheeses, and Spanish gourmet products.",Spanish Deli
1903 Lounge,MAN,"A premium Manchester Airport lounge named after the city's 1903 heritage, offering complimentary food, drinks, and relaxation facilities.",Lounge
1903 Lounge (T3),MAN,"The Terminal 3 location of Manchester's 1903 Lounge, providing food, beverages, and lounge amenities.",Lounge
Amber Alehouse,MAN,"A Northern English-themed ale house serving a range of real ales, craft beers, and classic British pub food.",British Pub
Apiary,MAN,"A modern British cafe and restaurant serving artisan sandwiches, seasonal salads, and specialty coffee in a bee-themed setting.",British Cafe
Archie's,MAN,"A Manchester-born burger and milkshake restaurant serving gourmet burgers, loaded fries, and thick ice cream milkshakes.",Burgers
Escape Lounge,MAN,"An independent airport lounge offering complimentary food, alcoholic drinks, and comfortable seating for all travelers.",Lounge
Escape Lounge (T3),MAN,"The Terminal 3 Escape Lounge, providing food, drinks, and lounge facilities to all travelers with access.",Lounge
Fever-Tree Cocktail & Champagne Bar,MAN,"A stylish cocktail and champagne bar sponsored by Fever-Tree mixers, serving G&Ts, cocktails, and sparkling wines.",Cocktail Bar
Great Northern Market,MAN,A Northern England-themed food market concept featuring multiple food vendors serving British and international street food.,Food Hall
Grindsmith,MAN,"A Manchester-born specialty coffee roaster serving precision-crafted espresso drinks, cold brew, and artisan pastries.",Coffee Shop
Pasta Evangelists,MAN,A premium fresh pasta brand serving handmade Italian pasta with artisan sauces — from Carbonara to Cacio e Pepe.,Italian
Pot Kettle Black,MAN,A Manchester specialty coffee shop known for exceptional espresso and brunch dishes including smashed avocado and egg dishes.,Coffee & Brunch
San Carlo,MAN,"A Manchester Italian restaurant institution serving classic Italian dishes including wood-fired pizza, handmade pasta, and fresh seafood.",Italian
Sporting Chance,MAN,"A sports bar celebrating Manchester football and British sports culture, serving beers and pub food.",British Sports Bar
The Bridgewater Exchange,MAN,"A bar and restaurant in Manchester airport serving craft ales, cocktails, and classic British pub food.",British Bar & Grill
The Evergreen Bar and Brasserie,MAN,"A bar and brasserie serving international dishes, British comfort food, and a full range of cocktails and beers.",British Brasserie
The Nook,MAN,"A cozy bar and snack spot serving coffee, teas, light bites, and drinks for travelers looking for a quiet corner.",British Cafe & Bar
Asian Chao - Gates 100-129,MCO,"A pan-Asian fast-casual restaurant serving wok-fired noodles, fried rice, and Chinese-inspired dishes.",Asian
Bahama Breeze - Gates 70-79,MCO,"A Caribbean-inspired island restaurant from Darden, serving jerk chicken, fish tacos, tropical cocktails, and Caribbean comfort food.",Caribbean
Bananas Smoothies & Frozen Yogurt - Gates 100-129,MCO,A tropical-themed smoothie and frozen yogurt bar serving blended fruit smoothies and self-serve frozen yogurt.,Smoothies & Frozen Yogurt
Barnie's Coffee & Tea Co.,MCO,"An Orlando-born specialty coffee and tea company serving artisan espresso drinks, teas, and flavored coffees.",Coffee & Tea
Camden Food Company - Gates 50-59,MCO,"A market-inspired food company serving fresh salads, sandwiches, and grab-and-go items.",Market & Deli
Cask & Larder - Gates 100-129,MCO,A Florida craft brewery and Southern-inspired restaurant serving house-brewed beers alongside Southern-style dishes.,Southern & Craft Beer
Cask & Larder Provisions - Terminal C Palm Court,MCO,"A market-style provisions counter from Cask & Larder offering grab-and-go meals, craft beers, and locally inspired items.",American & Craft Beer
Cask & Larder Public House - Terminal C Palm Court,MCO,A craft brewery public house serving their award-winning Florida craft beers with Southern comfort food.,Southern & Craft Beer
Chick-fil-A - Food Court,MCO,"The beloved American chicken fast food chain serving their signature chicken sandwiches, waffle fries, and lemonade.",Fast Food
Chick-fil-A - Terminal C Palm Court,MCO,A second Chick-fil-A location in Terminal C serving their classic chicken sandwiches and waffle fries.,Fast Food
CIBO Express - Gate 72,MCO,"A gourmet grab-and-go market offering pre-packaged meals, salads, sandwiches, and specialty coffee.",Grab & Go
CIBO Express - Gate 80,MCO,"A CIBO Express market at Gate 80 offering grab-and-go food, beverages, and snacks.",Grab & Go
CIBO Express - Gate 92,MCO,A CIBO Express grab-and-go market at Gate 92 offering pre-packaged meals and specialty beverages.,Grab & Go
Cucina & Co. - Gates C230-C245,MCO,"An Italian-American cafe and deli serving fresh pasta, sandwiches, salads, and coffee in a casual setting.",Italian American
Desano Pizzeria - Terminal C Palm Court,MCO,An Orlando artisan Neapolitan pizza restaurant serving hand-stretched pizzas with imported Italian ingredients.,Italian Pizza
FarmAir's Market - Gate 103,MCO,"A farm-to-table market concept offering fresh, locally sourced grab-and-go meals, produce, and snacks.",Market & Farm-to-Table
FarmAir's Market - Gate 123,MCO,A second FarmAir's Market location offering fresh locally sourced food items and beverages.,Market & Farm-to-Table
Firehouse Subs - Food Court,MCO,"A Florida-founded sub sandwich chain inspired by firehouse culture, serving hearty hot and cold subs piled with meats and toppings.",Sandwiches
Gastrohub - Gates 30-59,MCO,A food hall concept featuring multiple local and national restaurant brands serving diverse cuisine.,Food Hall
Gastrohub To Go - Gates 30-59,MCO,"The grab-and-go version of the Gastrohub food hall, offering quick packaged meals and snacks.",Grab & Go
Green Leaf's Beyond Great Salads - Gates 100-129,MCO,"A salad-focused restaurant serving customizable fresh salads, grain bowls, and healthy wraps.",Healthy Salads
Greenbeat - Terminal C Palm Court,MCO,"A health-focused smoothie and açai bar serving fresh blended drinks, bowls, and nutritious snacks.",Healthy & Smoothies
Harvest and Grounds,MCO,A farm-inspired cafe and coffee concept serving locally sourced American comfort food and specialty coffee.,American Cafe
Hemisphere on LVL 9,MCO,A bar and restaurant on the 9th floor serving panoramic views alongside cocktails and international American dishes.,American Bar
Le Grand Comptoir - Gate 22,MCO,"A French-inspired brasserie and wine bar serving classic French bistro dishes, wines, and champagne.",French Brasserie
Lobby Bar at Hyatt Regency,MCO,"A hotel lobby bar at the Hyatt Regency serving cocktails, wines, and light bar bites.",Hotel Bar
Market by Villa,MCO,"A gourmet market concept offering prepared meals, specialty snacks, and upscale grab-and-go items.",Gourmet Market
McCoy's Bar & Grill at Hyatt Regency - Level 4,MCO,"An American bar and grill at the Hyatt Regency serving burgers, grilled entrees, and cocktails.",American Bar & Grill
McCoy's Bar & Grill To-Go,MCO,"The grab-and-go version of McCoy's serving pre-packaged sandwiches, meals, and beverages.",Grab & Go
Orange County Brewery,MCO,"A Florida craft brewery tap room serving their range of craft ales, IPAs, and lagers alongside pub food.",Craft Beer Bar
Orange County Brewery - Gates C230-C245,MCO,A second Orange County Brewery location serving Florida craft beers and bar bites near the C gates.,Craft Beer Bar
Orlando Pride City Pub,MCO,"An Orlando-themed pub celebrating local sports culture, serving beers, cocktails, and casual American pub food.",American Pub
Outback Take Away - Gates 70-79,MCO,"A grab-and-go version of the Outback Steakhouse concept, offering packaged steakhouse meals and sides.",American Steakhouse
Ravenous Pig Brewing Co. General Store - Gates C230-C245,MCO,"An outpost of the acclaimed Orlando craft brewery and gastropub, serving their craft beers and Southern-inspired snacks.",Craft Beer & Southern
Revive - Gate 80,MCO,"A health and wellness snack station offering fresh juices, smoothies, and nutritious snacks.",Healthy & Juices
Revive - Gate 90,MCO,A health food and juice concept offering smoothies and fresh food items near Gate 90.,Healthy & Juices
Romano's On the Fly,MCO,"A grab-and-go concept from Romano's Macaroni Grill, offering Italian pasta, sandwiches, and prepared meals.",Italian Grab & Go
Snack and Drink Vending Machine,MCO,An automated vending machine stocking packaged snacks and beverages for quick 24-hour access.,Vending
Summer House Orlando - Terminal C Palm Court,MCO,"A fresh, farm-focused restaurant serving seasonal American dishes, fresh pastas, and handcrafted cocktails in a bright, airy setting.",American
Sunshine Diner by Chef Art Smith - Gates C230-C245,MCO,"A Florida sunshine-themed diner from celebrity chef Art Smith, serving Southern comfort breakfast, fried chicken, and American classics.",American Diner
Tacos Locos - Gates 70-79,MCO,A quick Mexican taco stand serving street-style tacos with classic and creative fillings.,Mexican
Urban Crave - Gates 1-29,MCO,"An urban-style casual restaurant serving American burgers, sandwiches, and comfort food.",American
Vino Volo - Gates 70-79,MCO,A wine bar serving a curated selection of wines by the glass alongside cheese plates and charcuterie boards.,Wine Bar
Wine Bar George - Terminal C Palm Court,MCO,"A wine bar from master sommelier George Miliotes, offering an extensive wine list with over 140 wines and small plates.",Wine Bar
ZaZa To Go - Gates 1-29,MCO,"A grab-and-go concept offering Mediterranean and international sandwiches, wraps, and prepared meals.",Mediterranean Grab & Go
AFL Kitchen & Bar,MEL,An officially licensed Australian Football League-themed bar and kitchen serving Australian pub food and beers.,Australian Sports Bar
Airo Restaurant - ParkRoyal,MEL,The restaurant at Melbourne ParkRoyal hotel serving Australian and international cuisine for hotel and airport guests.,Australian & International
Axil Coffee Roasters,MEL,A Melbourne specialty coffee roaster celebrated for producing some of Australia's finest single-origin espresso and pour-over coffees.,Coffee Shop
Bar Pulpo by Movida,MEL,"A tapas bar from Melbourne's beloved Spanish restaurant MoVida, serving Spanish pintxos, wine, and Iberian bar snacks.",Spanish Tapas
Biggie Smalls,MEL,A Melbourne smash burger and fried chicken restaurant serving American-style fast food with quality Australian ingredients.,Burgers & Fried Chicken
Boccata Restaurant and Wine Bar,MEL,"An Italian-inspired restaurant and wine bar serving antipasti, pasta, and Italian wines in a relaxed setting.",Italian Wine Bar
Bridge Road Brewers,MEL,"A Victorian craft brewery from Beechworth, serving their award-winning ales and seasonal beers alongside simple pub food.",Craft Beer Bar
Brunetti Classico,MEL,"A Melbourne Italian institution since 1974, serving authentic Italian gelato, espresso, pastries, and Italian cafe classics.",Italian Cafe
Bà Xã,MEL,"A Vietnamese restaurant serving traditional Vietnamese dishes including pho, banh mi, and other comfort food staples.",Vietnamese
Cafe Sol,MEL,"A casual Australian cafe serving Melbourne-style espresso, sandwiches, salads, and freshly baked goods.",Australian Cafe
Coffee Capital,MEL,"A specialty coffee bar celebrating Melbourne's world-famous coffee culture, serving carefully crafted espresso drinks.",Coffee Shop
Croissant Lab,MEL,An artisan croissant bakery creating technically perfect laminated pastries in classic butter and creative seasonal flavors.,French Bakery
Daniel's Donuts,MEL,A Melbourne cult doughnut brand serving freshly fried ring doughnuts glazed and filled in classic and creative flavors.,Doughnuts
Dumpling Co,MEL,"A Chinese dumpling restaurant serving freshly made dumplings, dim sum, and Chinese noodle dishes.",Chinese Dumplings
EARL Canteen,MEL,A Melbourne sandwich and salad bar known for carefully assembled sandwiches with quality ingredients and fresh daily fillings.,Sandwiches & Salads
Flat Chat Espresso & Bar,MEL,"A busy Melbourne-style espresso bar serving flat whites, piccolo lattes, and other Australian coffee orders alongside bar snacks.",Australian Coffee Bar
Go! Espresso and Bar,MEL,"A quick espresso and drinks bar offering Melbourne-style coffees, juices, and light snacks.",Australian Coffee Bar
Grill'd Healthy Burgers,MEL,"An Australian better-burger chain serving fresh, high-quality burgers with hormone-free meat and fresh vegetables on brioche buns.",Australian Burgers
Hanna's Cafe,MEL,"A casual Australian cafe serving breakfast dishes, sandwiches, and Melbourne-style coffee drinks.",Australian Cafe
Icons Victoria,MEL,"A showcase of Victorian produce and food culture, serving dishes made with iconic Victorian ingredients alongside local wines and beers.",Australian
Little Lygon,MEL,"A cafe and deli inspired by Melbourne's famous Italian district Lygon Street, serving espresso, pasta, and Italian-Australian food.",Italian Australian
Little Melbourne,MEL,"A casual concept celebrating Melbourne's vibrant cafe culture, serving Melbourne-style coffee, sandwiches, and brunch items.",Australian Cafe
Liv Eat Healthy Eating,MEL,"A healthy eating concept serving salads, protein bowls, and fresh nutritious meals with Australian produce.",Healthy & Fresh
Mezze Za Za,MEL,"A Mediterranean-inspired restaurant serving mezze plates, falafel, hummus, and Middle Eastern dishes.",Mediterranean
Nathan Rd Asian Kitchen,MEL,"An Asian kitchen serving a broad selection of Chinese, Thai, and Southeast Asian dishes inspired by Hong Kong's famous Nathan Road.",Asian
Noodles XO,MEL,"An Asian noodle restaurant serving a diverse menu of ramen, laksa, and wok-fried noodle dishes.",Asian Noodles
Pickett's Deli & Rotisserie,MEL,"An Australian deli and rotisserie serving free-range roasted chickens, artisan sandwiches, and deli products.",Australian Deli
Pizza Al Taglio,MEL,An Italian pizza-by-the-slice bar serving Roman-style al taglio pizza with a variety of rotating seasonal toppings.,Italian Pizza
Quikshots,MEL,A quick espresso and coffee kiosk serving fast Melbourne-style espresso shots and simple cafe beverages.,Coffee Kiosk
Roll'd Vietnamese,MEL,"An Australian Vietnamese food chain serving fresh rice paper rolls, pho, banh mi, and other Vietnamese dishes.",Vietnamese
Rustica,MEL,"A Melbourne Italian-Australian bakery and cafe known for artisan sourdough loaves, pastries, and quality espresso.",Australian Bakery
Salsas Fresh Mex,MEL,"An Australian-Mexican fast food chain serving burritos, tacos, nachos, and quesadillas with fresh ingredients.",Mexican
Schnitz,MEL,"An Australian schnitzel chain serving crumbed chicken and pork schnitzels in wraps, salads, or plates.",Australian Schnitzel
Small Holdings,MEL,A modern Australian cafe and restaurant serving farm-to-table Victorian produce-driven dishes and specialty coffee.,Australian
ST. ALi,MEL,"A pioneering Melbourne specialty coffee brand that helped define Australian third-wave coffee culture, serving exceptional espresso and brunch.",Australian Specialty Coffee
Stomping Ground Brewery,MEL,"A Melbourne craft brewery from Collingwood, serving their range of hop-forward ales, IPAs, and seasonal beers alongside pub food.",Craft Beer Bar
Sushi Jiro,MEL,"A Japanese sushi restaurant serving fresh nigiri, maki rolls, and sashimi in a clean Japanese dining setting.",Japanese Sushi
The Cellar Bar & Bistro,MEL,A wine bar and bistro serving an excellent selection of Australian wines alongside bistro-style food.,Australian Wine Bar
The Chocolate Box,MEL,"An artisan chocolate boutique serving high-quality Belgian and Australian chocolates, truffles, and sweet confections.",Chocolate & Desserts
The Local Taphouse,MEL,An Australian craft beer taphouse serving rotating taps of locally brewed Australian craft beers alongside gastropub food.,Craft Beer Bar
The Pelican,MEL,A casual Australian bar and kitchen serving Australian-themed drinks and comfort food in a coastal-inspired setting.,Australian Bar
Think Asia,MEL,"A pan-Asian restaurant serving a broad menu of Chinese, Japanese, Thai, and Southeast Asian dishes.",Pan-Asian
Two Johns Taphouse,MEL,An Australian craft beer taphouse serving a rotating selection of Australian craft ales and lagers.,Craft Beer Bar
Urban Provodore,MEL,"An urban artisan food store and cafe serving quality deli items, artisan cheeses, house-made dishes, and specialty coffee.",Australian Gourmet Deli
Veneziano Coffee Roasters,MEL,"An acclaimed Australian specialty coffee roaster from Melbourne, serving precision-crafted espresso and filter coffee drinks.",Coffee Shop
WH Smith Australia,MEL,"A retail and snack store offering packaged food, beverages, magazines, and travel essentials.",Grab & Go
Wine Selectors,MEL,An Australian wine boutique and tasting bar showcasing Australian wines from premium wine regions with guided wine selection.,Wine Bar
100% Natural,MEX,"A Mexican casual restaurant chain known for fresh salads, fruit bowls, smoothies, and light Mexican dishes made with natural ingredients.",Mexican Health Food
100°C Fresco y Mexicano,MEX,"A Mexican casual dining concept serving fresh, traditional Mexican dishes including soups, salads, and main courses made to order.",Mexican
7 Eleven,MEX,"A convenience store with ready-to-eat snacks, sandwiches, hot dogs, and beverages for travellers on the go.",Convenience & Snacks
Baron Rojo,MEX,"A bar and grill serving drinks, snacks, and light bites in a relaxed setting.",Bar & Grill
Café Punta del Cielo,MEX,"A Mexican specialty coffee brand serving espresso drinks, cold brew, and light snacks such as pastries and sandwiches.",Coffee & Snacks
Casa Ávila,MEX,"A Mexican restaurant in Terminal 2 serving traditional Mexican comfort food including soups, rice dishes, and regional specialties.",Mexican
Chilim Balam,MEX,"A Mexican restaurant serving antojitos and traditional dishes including enchiladas, tamales, and soups inspired by home-style Mexican cooking.",Mexican
China King,MEX,"A Chinese fast-food restaurant serving fried rice, noodles, and classic Chinese-American dishes.",Chinese Fast Food
CIRCULO K,MEX,"A convenience store stocking packaged snacks, drinks, hot foods, and travel essentials.",Convenience & Snacks
Cucara Macara,MEX,"A Mexican snack bar serving traditional antojitos, tortas, and light Mexican street-food bites.",Mexican Street Food
Cup Stop,MEX,"A beverage kiosk serving coffee, tea, juices, and light snacks for travellers in a hurry.",Coffee & Drinks
Deli&Cia Daily Smart Food,MEX,"A deli-style café offering sandwiches, salads, and fresh-prepared items aimed at health-conscious travellers.",Deli & Café
DINO Snack Bar & Fast Food,MEX,"A fast-food snack bar serving burgers, hot dogs, quesadillas, and light snacks for quick meals.",Fast Food
Dotcom,MEX,"A café with internet access serving coffee, light meals, and snacks, popular with travellers needing a quick bite and Wi-Fi.",Café
El Alcatraz,MEX,"A Mexican bar and restaurant serving beer, cocktails, and traditional Mexican snacks and antojitos.",Mexican Bar
El Café Bar,MEX,"A café-bar serving coffee drinks, alcoholic beverages, and light Mexican snacks throughout the day.",Café Bar
El Fogoncito,MEX,"One of Mexico City's most popular taquería chains, serving al pastor, carnitas, and other traditional tacos cooked on the spot.",Mexican Tacos
El Globo,MEX,"A long-established Mexican bakery chain offering fresh pastries, pan dulce, cakes, sandwiches, and coffee.",Mexican Bakery
El Gran Pastor,MEX,A taquería specialising in tacos al pastor — marinated pork cooked on a vertical spit and served with pineapple and salsa.,Mexican Tacos
Farolito,MEX,"A well-known Mexico City taquería serving traditional tacos including al pastor, suadero, and carnitas in a no-frills setting.",Mexican Tacos
Fly By Wings,MEX,A chicken wings bar serving crispy wings in a range of sauces alongside fries and cold beers.,Wings & Beer
Garabatos,MEX,"A popular Mexican café and bakery chain serving artisan breads, pastries, breakfasts, and coffee in a relaxed setting.",Café & Bakery
Gino's,MEX,"An Italian-style restaurant serving pasta, pizza, and classic Italian dishes in a casual setting.",Italian
Helados Santa Clara,MEX,"A Mexican ice cream parlour chain serving creamy artisan ice cream, popsicles, and traditional flavours like rompope and leche quemada.",Ice Cream
Italiannis,MEX,"An Italian-American casual dining chain serving pasta, pizza, salads, and sandwiches in a relaxed atmosphere.",Italian American
Ke Rico,MEX,"A Mexican fast-food concept serving tortas, quesadillas, and traditional Mexican snacks made to order.",Mexican Fast Food
La Baguetelle,MEX,"A French-style café and bakery serving baguette sandwiches, croissants, pastries, and coffee.",French Bakery
La Buena Tierra,MEX,"A Mexican restaurant focusing on wholesome, natural ingredients, serving salads, soups, and traditional dishes with a healthy slant.",Mexican Health Food
La Cachondita Pibil,MEX,A Mexican restaurant specialising in cochinita pibil — slow-roasted achiote pork from the Yucatán — served in tacos and tortas.,Yucatecan Mexican
La Masion,MEX,"A steakhouse in Terminal 2 serving premium cuts including rib eye, arrachera, and New York strip alongside tacos and wine.",Steakhouse
La Taba,MEX,"A Terminal 2 sports bar serving Mexican snacks, botanas, burgers, and a broad selection of beers and cocktails.",Sports Bar
La Taba Express,MEX,"An express format of La Taba sports bar offering quick bites, sandwiches, and drinks for travellers short on time.",Bar & Snacks
La Taba Sport Bar,MEX,"A sports bar in Terminal 2 with large screens, cold beer, and a menu of botanas, wings, and Mexican bar food.",Sports Bar
La Vieja Molienda,MEX,A Mexican restaurant serving traditional regional dishes with an emphasis on classic home-style cooking and local ingredients.,Mexican
Maison Kayser,MEX,"A Parisian artisan bakery by French baker Eric Kayser, serving sourdough breads, croissants, pastries, and French-inspired breakfasts.",French Bakery
Nagaoka,MEX,"A Japanese restaurant serving sushi rolls, nigiri, ramen, and other Japanese dishes in a casual airport setting.",Japanese
OXXO,MEX,"A Mexican convenience store chain stocking packaged snacks, sandwiches, beverages, and travel basics.",Convenience & Snacks
Pasión del Cielo,MEX,"A specialty coffee shop serving single-origin and blended coffees, espresso drinks, and light pastries.",Specialty Coffee
Picard,MEX,"A French-inspired frozen and fresh food concept offering prepared meals, pastries, and chilled dishes to go.",French Deli
Pick & Joy,MEX,"A health-focused grab-and-go kiosk serving fresh fruit cups, salads, juices, and light snacks.",Healthy Grab & Go
Pizza Bar,MEX,A casual pizzeria serving slices and whole pizzas with classic and Mexican-inspired toppings.,Pizza
Potzollcalli,MEX,A Mexican restaurant specialising in pozole — a hearty traditional hominy and pork soup served with garnishes — alongside other regional dishes.,Mexican
Pronto Gino's,MEX,"An express version of Gino's serving fast Italian-style pasta, pizza slices, and sandwiches for quick service.",Italian Fast Food
Salute,MEX,"A casual restaurant and bar in Terminal 2 serving Italian-influenced dishes, pizza, pasta, and a selection of wines and cocktails.",Italian Bar
Salute MX,MEX,A Mexican-accented version of Salute serving a mix of Mexican and Italian-inspired dishes with beer and cocktails.,Mexican Italian
Semillero,MEX,"A plant-forward café and restaurant serving vegetarian and vegan dishes, grain bowls, salads, and fresh juices.",Vegetarian & Vegan
Tacañon,MEX,"A Mexican taco and antojito bar serving a range of tacos, quesadillas, and traditional street-food snacks.",Mexican Street Food
Taco Inn,MEX,"A Mexican fast-food taco chain serving tacos, burritos, and Mexican snacks quickly and affordably.",Mexican Fast Food
Tasca Don Quino,MEX,"A Spanish-style tapas restaurant with 25 years at MEX, serving jamón and cheese boards, Spanish omelette, chistorra, and wine.",Spanish Tapas
Tere Cazola,MEX,"A popular Mexican dessert and pastry shop known for its tres leches cake, brownies, and traditional Mexican sweets.",Mexican Pastry
Terraza MX,MEX,"A Mexican restaurant and bar with a terrace setting, serving traditional dishes, cocktails, and cold beers.",Mexican Bar
The Urban Deli & Café,MEX,"A modern deli café serving gourmet sandwiches, salads, artisan coffee, and freshly prepared grab-and-go items.",Deli & Café
Tortas Don Polo,MEX,"A Mexican torta (sandwich) shop serving overstuffed tortas with fillings including milanesa, carnitas, and chorizo on fresh rolls.",Mexican Tortas
Urban Corner,MEX,"A casual café serving coffee, sandwiches, light meals, and snacks aimed at business travellers.",Café
Wings,MEX,A chicken wings restaurant serving crispy wings in a variety of sauces alongside fries and drinks.,Chicken Wings
Xocolia,MEX,"A Mexican chocolate and artisan sweet shop serving hot chocolate, truffles, and traditional cacao-based confections.",Mexican Chocolate
305 Pizza,MIA,A Miami-inspired pizzeria serving New York and Neapolitan-style pizzas with classic and local toppings.,Pizza
Au Bon Pain,MIA,"A French-American bakery café chain serving soups, sandwiches, salads, pastries, and coffee for quick meals.",Bakery Café
Café La Carreta,MIA,"A Miami Cuban institution serving café cubano, pressed sandwiches, and traditional Cuban breakfast and lunch dishes.",Cuban
Café Versailles,MIA,"The airport outpost of Miami's legendary Calle Ocho Cuban restaurant, serving classic Cuban dishes including ropa vieja, pressed sandwiches, and strong café cubano.",Cuban
Chef Creole,MIA,"A Miami Haitian restaurant serving traditional Creole dishes such as griyo (fried pork), rice and beans, and stewed chicken.",Haitian Creole
Chefs of the Caribbean,MIA,"A Caribbean-themed restaurant serving jerk chicken, rice dishes, plantains, and other island comfort food staples.",Caribbean
Estefan Kitchen Express,MIA,"The airport counter from Gloria and Emilio Estefan's Cuban-American restaurant concept, serving pressed Cubans, empanadas, and café cubano.",Cuban American
Famous Famiglia,MIA,"A New York-style pizzeria serving large slices and whole pies with classic toppings, based on a well-known New York pizza family.",New York Pizza
Farm2Air Market,MIA,"A market-style café serving locally sourced salads, grain bowls, wraps, and cold-pressed juices for health-conscious travellers.",Healthy Grab & Go
Farmair's Café,MIA,"A casual café serving fresh sandwiches, salads, soups, and coffee using ingredients from local farms.",Farm-to-Table Café
Fig & Fennel,MIA,"A modern café and market serving seasonal salads, grain bowls, artisan sandwiches, and specialty coffee.",Modern Café
Gilbert's Food Bar (Post-Security),MIA,"A casual food bar serving burgers, sandwiches, snacks, and drinks in a relaxed post-security setting.",American Casual
Jackson Soul Food,MIA,"A Miami institution serving traditional Southern soul food including fried chicken, collard greens, macaroni and cheese, and cornbread.",Soul Food
La Carreta,MIA,"A Miami Cuban restaurant serving generous portions of Cuban classics including ropa vieja, picadillo, and black beans and rice.",Cuban
La Colombe & The Great Bagel,MIA,"A pairing of La Colombe's acclaimed specialty coffee with a New York-style bagel shop serving smoked salmon, cream cheese, and classic bagel sandwiches.",Coffee & Bagels
Maestro Della Pizza,MIA,An Italian pizzeria serving Neapolitan-style wood-fired pizzas with authentic Italian toppings and fresh ingredients.,Neapolitan Pizza
Misha's Cupcakes,MIA,"A Miami bakery known for generously frosted gourmet cupcakes in rotating seasonal and classic flavours, alongside cookies and cakes.",Bakery & Desserts
Sergio's GO,MIA,"The airport express format of Miami's popular Cuban-American diner, serving pressed sandwiches, empanadas, and Cuban coffee.",Cuban American
Sushi Maki,MIA,"A Florida-based sushi chain serving rolls, sashimi, and Japanese-inspired bowls made with fresh fish and seasonal ingredients.",Japanese Sushi
Acacia Tree Café,MNL,"A café serving coffee, light snacks, and pastries in the parking area of the terminal complex.",Café
Air Cargo Food Kiosk,MNL,A basic canteen-style kiosk serving Filipino comfort food and rice meals for airport workers and travellers.,Filipino Canteen
Airport Café,MNL,"A simple café serving Filipino rice meals, snacks, and hot and cold drinks around the clock.",Filipino Café
Anika,MNL,A canteen in the basement area serving affordable Filipino home-style meals for airport staff and travellers.,Filipino Canteen
Aristocrat,MNL,"A legendary Manila restaurant with decades of history, serving classic Filipino dishes including chicken barbecue, kare-kare, and pancit.",Filipino
Army Navy,MNL,"A Filipino fast-casual chain serving American-style burritos, burgers, and loaded fries with a Philippine twist.",Burgers & Burritos
Banapple,MNL,"A Filipino café and bakery known for its cheesecakes, pies, and pastries alongside coffee and light meals.",Filipino Bakery
Bebang,MNL,"A kiosk serving traditional Filipino snacks and light bites, popular for quick pre-departure bites.",Filipino Snacks
Blue Smith,MNL,A casual restaurant in the international pre-departure area serving Filipino and Western dishes including grilled meats and pasta.,Filipino Western
Bo'S Coffee,MNL,"A Philippine specialty coffee chain using locally grown Arabica beans, serving espresso drinks, cold brew, and pastries.",Specialty Coffee
Busgate Goodies,MNL,"A snack kiosk at the domestic bus gate serving Filipino pastries, sandwiches, and beverages for departing passengers.",Filipino Snacks
But First Coffee,MNL,"A coffee kiosk in the arrival lobby serving espresso drinks, frappes, and light snacks.",Coffee
Caffexpress,MNL,"An express coffee counter serving espresso drinks, iced coffees, and quick snacks for passengers in transit.",Coffee
Café Park & Stop,MNL,"A 24-hour café in the parking area serving Filipino comfort food, coffee, and snacks for drivers and travellers.",Filipino Café
Café Tee Ree Ya,MNL,"A café in the international pre-departure area serving brewed teas, coffee drinks, and light Filipino snacks.",Tea & Coffee
Casa Daza,MNL,"A branch of the classic Philippine restaurant serving traditional Filipino dishes including adobo, sinigang, and grilled seafood.",Filipino
Chowking,MNL,"A Filipino fast-food chain specialising in Chinese-Filipino food including chao fan (fried rice), wonton soup, and halo-halo.",Chinese Filipino
Conti'S,MNL,"A popular Filipino bakery and restaurant known for its mango bravo cake, pastries, and Filipino-Western comfort dishes.",Filipino Bakery
Cozy Kitchen,MNL,"A simple Filipino canteen serving rice meals, noodles, and local snacks at affordable prices around the clock.",Filipino Canteen
Divalicious By The Lechon Diva,MNL,"A kiosk by the Lechon Diva brand, known for crispy, herb-roasted whole pig (lechon) served by the portion.",Filipino Lechon
Drip Tea,MNL,"A tea kiosk serving milk teas, fruit teas, and flavoured drink series popular in Philippine café culture.",Milk Tea
Ella Robot Coffee,MNL,A robot-operated coffee kiosk serving freshly brewed espresso drinks with automated brewing for consistent quality.,Specialty Coffee
Estrels,MNL,A snack counter serving traditional Filipino pastries and baked goods including ensaymada and other regional sweets.,Filipino Pastry
Fruitas,MNL,"A Filipino kiosk chain serving fresh fruit shakes, fruit salads, and tropical juice blends made to order.",Fruit Shakes
Ginebra San Miguel Spirits,MNL,"A bar kiosk for the iconic Philippine gin brand, serving Ginebra San Miguel-based cocktails and spirits in the arrival area.",Bar & Spirits
Global Topps & Noodles,MNL,A noodle bar serving Filipino-style noodle soups and stir-fried noodle dishes at the international pre-departure area.,Noodles
Goto King,MNL,A Filipino restaurant specialising in goto — a rice porridge cooked with tripe and ginger — and other arroz caldo variants.,Filipino Congee
Great Mann Hann,MNL,"A 24-hour Filipino-Chinese restaurant serving a broad menu of Chinese-Filipino dishes including dimsum, noodles, and rice meals.",Chinese Filipino
Henlin,MNL,"A Filipino fast-food chain known for fried chicken, siopao (steamed buns), and affordable rice meals.",Filipino Fast Food
Ka Tunying,MNL,A Filipino snack bar serving traditional Filipino street food and quick bites around the clock.,Filipino Snacks
Ka Tunying'S,MNL,"A Filipino snack concept serving home-style Filipino comfort food, rice meals, and traditional snacks.",Filipino
Ka Tunying'S Café,MNL,"A café offshoot of the Ka Tunying brand serving coffee, Filipino pastries, and light snacks for pre-departure travellers.",Filipino Café
Kaishu Rice & Noodles Express,MNL,An express restaurant serving Filipino-Chinese rice meals and noodle dishes for quick pre-departure meals.,Chinese Filipino
Kape Manila,MNL,"A Filipino coffee kiosk serving locally sourced Philippine coffee, kapeng barako, and espresso drinks.",Philippine Coffee
Kenny Rogers,MNL,"The Filipino outpost of Kenny Rogers Roasters serving rotisserie chicken, rice sides, corn muffins, and Filipino-adapted combo meals.",Rotisserie Chicken
Kenny Rogers Roasters,MNL,A classic Filipino-American chain serving slow-roasted whole and half chickens with a choice of sides including garlic rice and coleslaw.,Rotisserie Chicken
L.A Chicks,MNL,"A 24-hour chicken restaurant serving fried chicken, rice meals, and Filipino-style chicken dishes in the Mezzanine Foodhall.",Fried Chicken
Le Amoretto,MNL,"A Filipino café and restaurant serving a mix of Filipino comfort food, pastries, and coffee drinks.",Filipino Café
Little Flour,MNL,"A bakery and café serving artisan breads, pastries, sandwiches, and specialty coffee in the departure area.",Bakery & Café
Mama Lou'S,MNL,"A Filipino-Italian restaurant serving pasta, pizza, and Filipino comfort dishes in a family-friendly setting.",Filipino Italian
Mamak,MNL,A snack kiosk serving Malaysian-Filipino influenced dishes and light bites for pre-departure passengers.,Asian Snacks
Mary Grace Café,MNL,"A well-loved Filipino café chain known for its ensaymada, cheese rolls, and brewed coffee in a cosy setting.",Filipino Café
Master Siomai,MNL,A Filipino fast-food kiosk specialising in steamed pork siomai (dumplings) with soy-calamansi dipping sauce and fried rice.,Filipino Dumplings
Mempci Coop,MNL,A cooperative canteen in the parking area serving affordable Filipino meals and snacks for staff and travellers.,Filipino Canteen
Muhlach Ensaymada,MNL,"A Filipino bakery kiosk serving ensaymada — a soft, butter-topped coiled bun dusted with sugar and cheese — available 24 hours.",Filipino Bakery
Nanyang,MNL,"A restaurant serving Southeast Asian-style noodle and rice dishes, including Filipino-Chinese comfort food staples.",Southeast Asian
Nono'S Comfort Kitchen & Bakery,MNL,"A Filipino artisan bakery and café serving freshly baked breads, pastries, sandwiches, and comfort Filipino dishes.",Filipino Bakery
Palm Grill,MNL,"A Filipino grill snack counter serving grilled meats, skewers, and Filipino rice snacks in the arrival level.",Filipino Grill
Pan De Coco Diner,MNL,A Filipino snack kiosk serving pan de coco — sweet coconut-filled rolls — alongside other Filipino bread and snack items.,Filipino Bakery
Pho Hoa,MNL,"A Vietnamese pho restaurant chain serving beef and chicken noodle soups, spring rolls, and Vietnamese staples.",Vietnamese
Piazza Café & Bar Tnp,MNL,"A café-bar in the pre-departure area serving coffee, alcoholic drinks, and light Filipino and international snacks.",Café Bar
Purefoods Street Sarap,MNL,"A Filipino snack kiosk from the Purefoods brand serving Filipino street food favourites including isaw, fishball, and grilled skewers.",Filipino Street Food
Racks / Tenya,MNL,A dual concept combining Racks' American BBQ ribs with Tenya's Japanese tempura donburi in a shared restaurant space.,BBQ & Japanese
Sans Rival,MNL,A Dumaguete-founded Filipino patisserie famous for its sans rival cake — layers of cashew meringue and buttercream — alongside other Filipino desserts.,Filipino Pastry
Seattles Best Coffee,MNL,"A coffee chain serving espresso drinks, iced coffees, and light pastries across multiple terminal locations.",Coffee
Serenitea,MNL,"A popular Philippine milk tea brand serving freshly brewed teas, fruit teas, and signature milk tea drinks with toppings.",Milk Tea
Siomai King,MNL,A Filipino fast-food kiosk specialising in steamed pork and shrimp siomai served with garlic rice and soy-calamansi sauce.,Filipino Dumplings
Sweet Ideas,MNL,"A dessert shop in the international pre-departure area serving cakes, pastries, and sweet Filipino and Western desserts.",Desserts & Cakes
Tapa King,MNL,A Filipino fast-food chain specialising in tapsilog — cured beef (tapa) served with garlic fried rice and egg — and other Filipino breakfast sets.,Filipino Breakfast
Treats - Tinapay Ni Nanay,MNL,A Filipino bakery kiosk serving tinapay (traditional Filipino bread) and baked snacks made using home-style recipes.,Filipino Bakery
Tsim Sha Tsui,MNL,"A 24-hour Filipino-Chinese snack bar serving dimsum, noodles, and Chinese-Filipino comfort dishes around the clock.",Chinese Filipino
Ucc Mentore,MNL,"A Japanese coffee brand serving premium drip coffee, cold brew, and espresso drinks with a focus on quality beans.",Japanese Coffee
Watami,MNL,"A Japanese casual dining chain serving izakaya-style dishes including sushi, grilled skewers, and donburi rice bowls.",Japanese Izakaya
4 FOOD Street Kitchen,MUC,A casual street-food concept serving a rotating selection of international dishes in a fast-casual format.,International Street Food
Adelholzener Bar,MUC,A bar serving Adelholzener mineral water brand drinks alongside beer and snacks.,Bar
Airbräu,MUC,"Germany's only airport brewery, serving freshly brewed Bavarian lager, wheat beer, and seasonal specials alongside traditional Bavarian food.",Bavarian Brewery
Airbräu Next to Heaven,MUC,An extension of the Airbräu brewery concept serving craft beers and Bavarian snacks in a bar setting.,Bavarian Bar
Airport Oliva,MUC,"A Mediterranean-inspired restaurant and bar serving Spanish and Italian-influenced dishes, tapas, and a wide selection of olive oils.",Mediterranean
Alfredo Bar & Biergarten,MUC,"A traditional Bavarian biergarten serving pretzels, sausages, cold cuts, and a range of German lagers in a classic outdoor-style setting.",Bavarian Biergarten
Apollinaris Bar,MUC,"A bar affiliated with the Apollinaris mineral water brand, serving refreshing drinks, cocktails, and light snacks.",Bar
Backstube Wünsche,MUC,"A German bakery serving freshly baked breads, rolls, pretzels, and pastries alongside coffee.",German Bakery
Bamee,MUC,"An Asian noodle bar serving Thai and Southeast Asian noodle soups, stir-fries, and rice dishes.",Asian Noodles
Bluebird Bar,MUC,"A cocktail and drinks bar serving a curated selection of spirits, wines, and cocktails in a lounge atmosphere.",Cocktail Bar
Boconero,MUC,"An Italian restaurant serving pasta, pizza, antipasti, and a wine list in a relaxed trattoria-style setting.",Italian
Boconero Express,MUC,"The express format of Boconero, serving quick Italian pasta and pizza dishes for travellers short on time.",Italian Fast Food
Breznsalzer,MUC,A traditional Bavarian kiosk specialising in freshly made pretzels with a variety of dipping salts and spreads.,Bavarian Snacks
Bruschetteria,MUC,"An Italian snack bar serving bruschette with a variety of toppings including tomato, prosciutto, and mozzarella.",Italian Snacks
Ciao Amici,MUC,"An Italian café and snack bar serving espresso, panini, pasta dishes, and Italian pastries.",Italian Café
Cloud 7,MUC,"A bar and lounge in the satellite terminal serving cocktails, wines, and light international dishes with views of the airfield.",Lounge Bar
Coca-Cola Bar & Biergarten,MUC,"A brand-sponsored biergarten-style bar serving Coca-Cola drinks, beer, and typical Bavarian snacks.",Bar & Snacks
Cucina Popolare,MUC,"An Italian casual restaurant serving classic pasta dishes, antipasti, and Italian comfort food in a relaxed setting.",Italian
Dallmayr Bistro,MUC,"A bistro from Munich's legendary delicatessen Dallmayr, serving specialty coffees, sandwiches, smoked fish, and premium cold cuts.",German Deli
Erdinger Bar & Biergarten,MUC,"A biergarten sponsored by Erdinger Weissbräu, serving wheat beer on tap alongside Bavarian pretzels and sausages.",Bavarian Biergarten
Foodji,MUC,"An automated food vending concept offering fresh, pre-packaged meals, salads, and snacks available around the clock.",Grab & Go
Fürstenlounge,MUC,A premium lounge restaurant serving elevated Bavarian and international dishes in a refined setting.,Fine Dining
Hofbräu Bistro,MUC,"A bistro from the famous Munich Hofbräuhaus brewery, serving Hofbräu beers on tap alongside Bavarian sausages and pretzels.",Bavarian Biergarten
Käfer,MUC,"A fine dining restaurant from Munich's celebrated Käfer delicatessen, serving upscale Bavarian and international cuisine alongside premium wines.",Fine Dining
Käfer - factory of enjoyment,MUC,"A concept space from the Käfer group showcasing premium food products, charcuterie, and a curated menu of gourmet dishes.",German Gourmet
Käfer Bistro,MUC,"A relaxed bistro from the Käfer brand serving artisan sandwiches, salads, and light dishes with Käfer's signature quality.",German Bistro
Lenbachs Bar & Gallery,MUC,"A stylish gallery-bar serving cocktails, wines, and light dishes in an art-focused lounge environment.",Cocktail Bar
Magnum Gate,MUC,An ice cream bar from the Magnum brand serving premium chocolate-dipped ice cream bars and sundaes.,Ice Cream
Mionetto Bar,MUC,"A Prosecco brand bar serving Mionetto Prosecco, sparkling wines, and light Italian snacks.",Prosecco Bar
Mountain Hub Gourmet,MUC,"An alpine-themed gourmet restaurant serving elevated Bavarian cuisine including venison, trout, and regional cheeses.",Bavarian Gourmet
Mountain Hub Social Dining,MUC,"A casual mountain-themed dining space serving Bavarian comfort food, shared plates, and regional beers in a sociable setting.",Bavarian Casual
Münchner Leibspeise,MUC,"A traditional Bavarian restaurant serving Munich's favourite local dishes including Schweinebraten, dumplings, and seasonal specials.",Bavarian
Nightflight Bar,MUC,"A late-night bar open for late departures and connections, serving cocktails, spirits, and light snacks.",Bar
Seafood meets Asia,MUC,"A fusion restaurant combining fresh seafood preparations with Asian cooking techniques, serving sushi, wok dishes, and seafood platters.",Asian Seafood Fusion
Selmans Restaurant & Bar,MUC,"A modern restaurant and bar serving international dishes, grilled meats, and cocktails in a contemporary setting.",International
Sissi & Franz,MUC,"A Bavarian restaurant named after the Habsburg royal couple, serving classic Austrian and Bavarian dishes in a charming imperial-styled space.",Austrian Bavarian
Sissi & Franz Bar,MUC,"The bar section of Sissi & Franz, serving Austrian wines, schnapps, and Bavarian beers alongside small bites.",Austrian Bar
Smokey Joe's,MUC,"An American-style BBQ restaurant serving smoked ribs, pulled pork, burgers, and classic American sides.",American BBQ
Sportalm,MUC,"A Kitzbühel ski brand restaurant serving Austrian alpine dishes including goulash, schnitzel, and hearty mountain-style fare.",Austrian Alpine
Subralott,MUC,"A casual snack bar and lottery kiosk concept serving quick bites, sandwiches, and beverages.",Snack Bar
Surf and Turf,MUC,A restaurant specialising in the classic combination of grilled seafood and prime beef cuts served together.,Steakhouse & Seafood
Tante Ju's Speisenwerkstatt,MUC,"A workshop-style kitchen restaurant named after a classic German aircraft, serving hearty Bavarian and regional German dishes.",German
The Flave of Munich,MUC,"A restaurant showcasing local Munich flavours, serving regional Bavarian dishes and specialty beers in an approachable setting.",Bavarian
the ODEON by Käfer,MUC,"A premium restaurant concept by Käfer inspired by Munich's Odeon concert hall, serving refined Bavarian and European cuisine.",European Fine Dining
urban Biergarten,MUC,"A modern take on the traditional Bavarian biergarten, serving craft beers and updated Bavarian snacks in a contemporary outdoor setting.",Bavarian Biergarten
Viktualien Stubn,MUC,"A Bavarian restaurant inspired by Munich's Viktualienmarkt food market, serving fresh market-style Bavarian dishes and cold cuts.",Bavarian
Wiener's,MUC,"A Viennese-style snack bar serving Austrian sausages, Wiener schnitzel, and classic Austrian street food.",Austrian Sausages
BENITORA Xiao Chi,NRT,"A Chinese small-plates restaurant serving dim sum, xiaolongbao, and other Chinese street-food bites.",Chinese Dim Sum
BOTEJYU EXPRESS,NRT,"An express version of the Osaka-born okonomiyaki chain, serving Japanese savoury pancakes and yakisoba noodles.",Japanese Okonomiyaki
CAFE & DINING N's COURT,NRT,"A casual café and dining space serving Japanese set meals, pasta, and light dishes with coffee.",Japanese Café
caffe LAT.25° Terminal1,NRT,"A specialty coffee café serving single-origin espresso drinks, pour-overs, and light pastries in Terminal 1.",Specialty Coffee
caffe LAT.25° Terminal3 2F,NRT,"A specialty coffee café on Terminal 3's second floor, serving carefully brewed coffees and snacks.",Specialty Coffee
caffe LAT.25° Terminal3 3F,NRT,A specialty coffee café on Terminal 3's third floor with pour-over coffees and light bites.,Specialty Coffee
Dashichazuke EN,NRT,A restaurant specialising in chazuke — Japanese rice dishes with dashi broth poured over — and ochazuke sets.,Japanese
DEAN & DELUCA CAFÉ Terminal1,NRT,"The Terminal 1 outpost of the gourmet New York deli, serving artisan sandwiches, salads, pastries, and specialty coffee.",Deli & Café
DEAN & DELUCA CAFÉ Terminal2,NRT,"The Terminal 2 outpost of Dean & DeLuca serving artisan sandwiches, salads, baked goods, and coffee.",Deli & Café
FRUITPARLOR Mi'z,NRT,"A Japanese fruit parlour serving fresh seasonal fruit parfaits, fruit sandwiches, and fruit-forward desserts.",Japanese Desserts
Ginshari Hokkaido,NRT,"A Hokkaido-speciality restaurant serving rice bowls topped with fresh Hokkaido seafood including sea urchin, salmon roe, and crab.",Japanese Seafood
Ginza Kagari,NRT,"A branch of the acclaimed Tokyo ramen shop, serving rich chicken paitan broth ramen topped with premium ingredients.",Japanese Ramen
Gyukatsu Kyoto Katsugyu,NRT,"A Kyoto-style gyukatsu restaurant serving lightly breaded, rare-cooked beef cutlets grilled tableside on a hot stone.",Japanese Beef Cutlet
HAKATA ITTENMON,NRT,"A Hakata-style tonkotsu ramen restaurant serving rich, milky pork bone broth ramen with thin noodles.",Japanese Ramen
HANBIJAE,NRT,"A Korean restaurant serving traditional Korean dishes including bibimbap, Korean BBQ, and kimchi-based stews.",Korean
Homemade Udon Noodles KINEYAMUGIMARU,NRT,"A udon restaurant hand-making thick wheat noodles in the Sanuki style, served in dashi broth or with dipping sauce.",Japanese Udon
Japanese cuisine restaurant KAMI-HIKOKI,NRT,A traditional Japanese restaurant serving kaiseki-influenced dishes and seasonal Japanese cuisine.,Japanese
JINROKU,NRT,A Japanese restaurant serving takoyaki (octopus balls) and other Osaka-style street food in a casual setting.,Japanese Street Food
KANNO COFFEE,NRT,"A Japanese coffee shop serving drip coffee, espresso drinks, and light snacks in a calm, minimalist setting.",Japanese Coffee
Katsu-ichi Narita,NRT,"A tonkatsu restaurant serving crispy deep-fried pork cutlets with miso soup, rice, and shredded cabbage.",Japanese Tonkatsu
Katsuichi,NRT,"A tonkatsu specialist serving premium pork cutlets fried to order, served with dipping sauce and Japanese sides.",Japanese Tonkatsu
KEIKA RAMEN,NRT,A classic Tokyo ramen shop known for its soy-based shoyu broth ramen and traditional toppings.,Japanese Ramen
Kimukatsu,NRT,"A specialist tonkatsu restaurant serving a signature layered pork cutlet made of 25 thin slices, resulting in an unusually tender texture.",Japanese Tonkatsu
Kohantei Bifteck & Wine,NRT,A steakhouse and wine bar serving prime Japanese and Western beef cuts alongside a curated wine list.,Steakhouse & Wine
KOMERAKU,NRT,A Japanese rice bowl restaurant serving freshly cooked white rice with seasonal toppings and accompaniments.,Japanese Rice Bowls
KONATSU,NRT,"A Japanese sweets shop serving wagashi (traditional confections), seasonal cakes, and Japanese-style desserts.",Japanese Sweets
Kushitei,NRT,"A kushikatsu restaurant serving deep-fried skewers of meat, seafood, and vegetables dipped in a light breadcrumb coating.",Japanese Kushikatsu
LA BETTOLA da Ochiai Terminal1,NRT,"The airport branch of chef Ochiai's celebrated Italian restaurant, serving refined pasta, risotto, and Italian main courses in Terminal 1.",Italian Fine Dining
LA BETTOLA da Ochiai Terminal2,NRT,"The Terminal 2 outpost of LA BETTOLA, serving the same upscale Italian pasta and seafood dishes by chef Ochiai.",Italian Fine Dining
Lanzhou Ramen Daikokuya,NRT,"A Chinese-style ramen restaurant specialising in hand-pulled Lanzhou beef noodles in a clear, cumin-spiced broth.",Chinese Noodles
Maisen,NRT,"A branch of Tokyo's renowned Maisen, serving premium tonkatsu (pork cutlets) made from carefully selected Agu and other heritage pork breeds.",Japanese Tonkatsu
Maisen Terminal2,NRT,"The Terminal 2 location of Maisen, serving the same celebrated tonkatsu pork cutlets with house katsu sauce.",Japanese Tonkatsu
Matsudo Tomitamendan,NRT,"A ramen restaurant from Matsudo city serving rich, complex broth ramen in the local style.",Japanese Ramen
Mifuneyama Ramen,NRT,"A ramen shop serving hearty tonkotsu-style ramen with thick, creamy pork bone broth and springy noodles.",Japanese Ramen
MITSUMOTO TEI Terminal1,NRT,A teppanyaki restaurant in Terminal 1 serving Japanese beef and seafood cooked on an iron griddle before guests.,Japanese Teppanyaki
Miyatake Sanuki Udon,NRT,"A Kagawa-style Sanuki udon restaurant serving firm, hand-cut udon noodles in classic dashi broth or cold with dipping sauce.",Japanese Udon
Mugi To Olive-Rousokuya,NRT,"A ramen restaurant serving candle-lit, refined ramen with wheat and olive-based broth alongside creative toppings.",Japanese Ramen
NADAMAN,NRT,"A branch of the prestigious Nadaman Japanese restaurant chain, serving elegant kaiseki-style multi-course Japanese cuisine.",Japanese Fine Dining
NAGASAKASARASINA NUNOYATAHEE,NRT,"A Nagasaki-speciality restaurant serving local soba noodles in a refined setting, with regional Japanese dishes.",Japanese Soba
Nenrinya CAFÉ & DINER,NRT,"A café and diner by the Nenrinya baumkuchen brand, serving the signature layered cake alongside coffee and light meals.",Japanese Café
OSAKA OHSHO,NRT,"A popular Osaka gyoza chain serving crispy pan-fried dumplings, fried rice, and Chinese-Japanese comfort dishes.",Japanese Gyoza
Oshu Wafuu Dining Kanaami-Tsuji,NRT,"A Japanese restaurant serving regional dishes from the Tohoku region, focusing on local produce and traditional cooking methods.",Japanese Regional
RAMEN ICHIKAKUYA,NRT,"A ramen restaurant serving bold, flavour-forward ramen with a rich broth and generous toppings.",Japanese Ramen
Ramen Miraku,NRT,A ramen shop serving classic Japanese ramen in soy or miso broth with traditional toppings including chashu pork.,Japanese Ramen
Refreshments by NIWA no HOTORI,NRT,"A garden-themed café serving light refreshments, sweets, and seasonal drinks in a tranquil setting.",Japanese Café
ROJI-URA CURRY SAMURAI.,NRT,"A Sapporo-style curry restaurant serving thick, spiced Japanese soup curry with rice and an array of toppings.",Japanese Curry
Satellite restaurant TEPPAN YAKI,NRT,A teppanyaki restaurant in the satellite area serving Japanese beef and seafood cooked on a hot iron plate.,Japanese Teppanyaki
Savor Japanese Izakaya,NRT,"A Japanese izakaya serving grilled skewers, sashimi, edamame, and other pub-style Japanese small dishes with sake and beer.",Japanese Izakaya
SEIYOKEN,NRT,"A long-established Western-style Japanese restaurant tracing its roots to the Meiji era, serving yoshoku (Japanese-Western) classics.",Japanese Western
Sushi Kyotatsu Terminal1 North Wing,NRT,"A sushi restaurant in Terminal 1's North Wing serving fresh nigiri, maki, and chirashi bowls with seasonal fish.",Japanese Sushi
Sushi Kyotatsu Terminal2,NRT,"The Terminal 2 branch of Sushi Kyotatsu, serving quality nigiri and sushi sets using fresh daily fish.",Japanese Sushi
Sushi Uogashi Nihon-ichi,NRT,"A standing sushi bar in the Tsukiji tradition serving fresh nigiri and rolls at counters, priced per piece.",Japanese Sushi
Sushi-go-round GANSOZUSHI,NRT,A kaiten (conveyor belt) sushi restaurant serving a rotating selection of nigiri and rolls on a track.,Japanese Sushi
Sushiichiban Satellite,NRT,"A sushi restaurant in the satellite terminal serving fresh nigiri, rolls, and sashimi platters.",Japanese Sushi
T's TANTAN,NRT,A vegan ramen and gyoza restaurant using sesame-based broths and plant-based ingredients throughout the menu.,Vegan Japanese
TANG DYNASTY TO-SHO-MEN,NRT,A Chinese noodle restaurant serving hand-pulled noodles in broths inspired by Tang dynasty Chinese cuisine.,Chinese Noodles
Tempura Nihonbashi Tamai,NRT,"A tempura specialist from the Nihonbashi area of Tokyo, serving lightly battered seasonal seafood and vegetables fried in fresh oil.",Japanese Tempura
TEPPAN YAKI MITSUMOTO TEI / MITSUMOTO COFFEE TEN,NRT,A combined teppanyaki restaurant and coffee shop serving grilled Japanese dishes alongside specialty coffee.,Japanese Teppanyaki
Teppanyaki Dotonbori Kurita,NRT,"An Osaka-style teppanyaki restaurant serving okonomiyaki, yakisoba, and grilled dishes on a flat iron griddle.",Japanese Teppanyaki
Teriyaki Chicken ITOME,NRT,A Japanese fast-food counter serving teriyaki chicken on rice with classic Japanese sides and miso soup.,Japanese Fast Food
Thai Restaurant Jai Thai,NRT,"A Thai restaurant serving pad thai, green curry, tom yum, and other Thai classics in an authentic setting.",Thai
Tokyo Food Bar,NRT,"A casual bar serving Japanese and international snacks, beer, and drinks in a relaxed food-hall style.",Japanese Bar
TONKATSU INABA WAKO,NRT,"A tonkatsu restaurant serving premium deep-fried pork cutlets with house sauce, shredded cabbage, and miso soup.",Japanese Tonkatsu
Tonkatsu shinjuku saboten,NRT,A well-known Shinjuku tonkatsu chain serving carefully breadcrumbed pork cutlets with house-made sesame dipping sauce.,Japanese Tonkatsu
tsukiji - Sushiiwa,NRT,"A sushi restaurant drawing on the Tsukiji fish market tradition, serving fresh nigiri and sashimi using market-quality fish.",Japanese Sushi
Tsukiji Sushisei,NRT,A classic Tokyo sushi restaurant from the Tsukiji area serving traditional Edomae-style nigiri and sushi sets.,Japanese Sushi
TULLY'S COFFEE Terminal1,NRT,"The Terminal 1 location of Tully's Coffee, a Japanese specialty coffee chain serving espresso drinks and pastries.",Coffee
UOICHI,NRT,"A Japanese seafood restaurant serving sashimi, grilled fish, and seafood donburi using fresh daily catch.",Japanese Seafood
Williams,NRT,"A Western-style casual dining restaurant serving burgers, sandwiches, salads, and international comfort food.",American Casual
WithGreen,NRT,"A health-focused café serving grain bowls, salads, smoothies, and plant-based options for health-conscious travellers.",Healthy Café
Yabase,NRT,A Japanese restaurant serving regional home-style cooking with seasonal ingredients and traditional preparation methods.,Japanese
YAKISUKI MEAT DISHES YANMA,NRT,A Japanese restaurant specialising in yakisuki — a hybrid of sukiyaki and yakiniku — with thinly sliced beef cooked tableside.,Japanese BBQ
YUMEAN,NRT,A Japanese sweets and desserts café serving traditional wagashi confections alongside matcha and coffee.,Japanese Sweets
Zen Akasaka,NRT,"An airport branch of the prestigious Akasaka restaurant, serving refined Japanese cuisine in an elegant setting.",Japanese Fine Dining
ZKG RESTAURANT,NRT,A restaurant serving Japanese and international dishes in a casual setting within the terminal complex.,Japanese
AG1 - Vending Machine,ORD,"An automated vending machine stocking packaged snacks, drinks, and travel essentials.",Vending
Always Fresh Always On,ORD,"A grab-and-go market offering fresh sandwiches, salads, and healthy snacks available around the clock.",Grab & Go
America's Dog,ORD,"A Chicago-style hot dog stand serving loaded Chicago dogs, corn dogs, and classic American hot dog variations.",Hot Dogs
Andiamo,ORD,"An Italian restaurant serving pasta, risotto, and classic Italian dishes in a comfortable, full-service setting.",Italian
"B-Smooth, Smoothies & Salads",ORD,A health kiosk blending fresh smoothies and serving made-to-order salads for travellers looking for lighter options.,Smoothies & Salads
Bar Siena,ORD,"A Chicago restaurant bar serving Italian-American small plates, cocktails, and a broad selection of wines.",Italian Bar
Beaudevin Wine Bar,ORD,A wine bar offering a curated selection of wines by the glass or bottle alongside cheese and charcuterie boards.,Wine Bar
Berghoff Cafe,ORD,"An airport outpost of Chicago's historic Berghoff restaurant, serving German-American classics like bratwurst, schnitzels, and hearty sandwiches.",German American
BJ's Gourmet Market,ORD,"A gourmet market kiosk serving artisan sandwiches, salads, snacks, and beverages for travellers on the go.",Gourmet Market
Brioche Doree,ORD,"A French-style bakery café chain serving freshly baked croissants, sandwiches, soups, and coffee drinks.",French Bakery
Bubbles Wine Bar,ORD,A sparkling wine and Champagne bar serving a rotating selection of bubbles by the glass alongside light bites.,Champagne Bar
Burger Federation,ORD,A gourmet burger bar serving hand-crafted burgers with creative toppings and a selection of craft beers.,Gourmet Burgers
Burrito Beach,ORD,"A Chicago-based fast-casual chain serving overstuffed burritos, tacos, and Mexican bowls made to order.",Mexican Fast Casual
Butcher & The Burger,ORD,"A Chicago burger concept where diners choose their grind, seasoning, and toppings to build a custom burger.",Gourmet Burgers
Cafe Descartes,ORD,"A café serving coffee drinks, pastries, and light meals in a relaxed airport setting.",Café
Cafe Zoot!,ORD,"A casual café serving coffee, sandwiches, and fresh snacks for quick meals between flights.",Café
Caffe Mercato,ORD,"An Italian market-style café serving espresso drinks, panini, pastries, and light Italian fare.",Italian Café
Carry Out/Carry On,ORD,"A grab-and-go concept offering pre-packaged sandwiches, salads, and snacks for travellers in transit.",Grab & Go
Chi Life Market,ORD,"A Chicago-themed market serving locally inspired snacks, sandwiches, and beverages celebrating the city's food culture.",Chicago Market
Chicago Cubs Bar & Grill,ORD,"A sports bar themed around the Chicago Cubs baseball team, serving burgers, wings, and bar food with cold beer and game broadcasts.",Sports Bar
Chicago Essentials Vending Machine,ORD,"A vending machine stocking Chicago-themed snacks, packaged foods, and travel essentials.",Vending
Chicago Neighborhood Market & Goods,ORD,"A market concept celebrating Chicago's neighbourhoods, selling local food products, snacks, and prepared items.",Chicago Market
Ciao Gourmet Market,ORD,"An Italian gourmet deli serving antipasti, fresh pasta dishes, sandwiches, and Italian market staples.",Italian Deli
Connect Bar,ORD,"A lounge bar serving cocktails, beer, and wine alongside light snacks in a social setting.",Bar & Lounge
Eat Well Travel Further,ORD,"A health-focused café offering nutritious grain bowls, salads, wraps, and fresh juices for health-minded travellers.",Healthy Café
Eli's Cheesecake - Home Run Inn Pizza - Vienna Beef,ORD,"A Chicago triple concept bringing together Eli's legendary cheesecakes, Home Run Inn deep dish pizza, and Vienna Beef hot dogs under one roof.",Chicago Classics
Facades Bar,ORD,"A bar serving cocktails, wines, and beers in an architecturally inspired space reflecting Chicago's design heritage.",Cocktail Bar
Fulton Street Cafe,ORD,"A café inspired by Chicago's Fulton Market dining district, serving quality coffee, sandwiches, and market-style dishes.",American Café
Galileo Bar & Grill,ORD,"A bar and grill serving burgers, sandwiches, and American comfort food alongside a selection of beers and cocktails.",American Bar & Grill
Garrett Popcorn Shops,ORD,"A Chicago institution since 1949, selling freshly popped CaramelCrisp, CheeseCorn, and the famous Chicago Mix of both flavours.",Popcorn & Snacks
Gaslight Club,ORD,"A bar styled after a classic Chicago gentlemen's club, serving cocktails, spirits, and light bar bites.",Cocktail Bar
Goose Island Beer Company,ORD,"The airport outpost of Chicago's pioneering craft brewery, serving Goose Island's flagship beers including 312 Urban Wheat Ale and IPA on draft.",Craft Beer Bar
Goose Island Pub,ORD,"A pub-style bar featuring Goose Island craft beers alongside a menu of classic pub food, burgers, and snacks.",Craft Beer Pub
Great American Bagel Company,ORD,"A bagel shop serving freshly baked bagels with a wide choice of cream cheese spreads, deli meats, and sandwich fillings.",Bagels & Deli
Green Market,ORD,"A health-focused market serving fresh salads, wraps, juices, and plant-forward snacks.",Healthy Market
Home Run Inn Pizza,ORD,"A Chicago pizza institution serving its classic thin-crust tavern-style pizza, a Chicago alternative to deep dish.",Chicago Pizza
Hub 51,ORD,"A Chicago restaurant serving a global menu of flatbreads, sushi, burgers, and small plates in a lively casual setting.",American Eclectic
ICE Dishes & Drinks,ORD,"A bar and light-bites concept serving chilled cocktails, cold beers, and quick snacks.",Bar & Snacks
Jazz Bar,ORD,"A Chicago jazz-themed bar serving cocktails, wine, and beer with a curated jazz playlist and music memorabilia.",Jazz Bar
La Tapenade Mediterranean Cafe,ORD,"A Mediterranean café serving hummus, falafel, shawarma wraps, and other Middle Eastern and Greek dishes.",Mediterranean
Macaroni Grill,ORD,"A casual Italian-American chain serving pasta, brick-oven pizza, and Italian comfort food in a relaxed, family-friendly setting.",Italian American
Metropolis Coffee Company,ORD,A Chicago-based specialty coffee roaster serving precisely brewed single-origin and blended coffees alongside pastries.,Specialty Coffee
Nuts on Clark,ORD,"A Chicago popcorn and nut shop selling caramel corn, flavoured nuts, and roasted nut mixes.",Snacks & Nuts
Nuts On Clark - Popcorn Vending,ORD,An automated vending kiosk from Nuts on Clark dispensing caramel popcorn and flavoured nut mixes.,Vending
O'Briens Restaurant & Bar,ORD,"An Irish-American bar and restaurant serving comfort food classics, burgers, and a broad selection of beers and whiskeys.",Irish American
Pepsi Vending,ORD,A Pepsi-branded vending machine stocking soft drinks and packaged beverages.,Vending
Pronto Sandwiches,ORD,A quick-service sandwich counter serving freshly made subs and sandwiches with classic fillings.,Sandwiches
Protein Bar and Kitchen,ORD,"A health-focused fast-casual chain serving protein-packed bowls, burritos, smoothies, and salads designed for active travellers.",Healthy Fast Casual
Publican Quality Bread,ORD,"The bakery arm of Chicago's acclaimed Publican restaurant group, serving artisan sourdough loaves, pastries, and coffee.",Artisan Bakery
Publican Tavern,ORD,"A craft-focused tavern from Chicago's Publican restaurant group, serving seasonal American dishes, charcuterie, and a curated beer and wine list.",American Tavern
R.J. Grunts Burgers & Fries,ORD,"A classic Chicago burger joint from the Lettuce Entertain You group, serving hefty beef burgers and hand-cut fries since 1971.",American Burgers
Reggio's Chicago Style Pizza,ORD,"A Chicago pizzeria serving deep dish stuffed pizza in the classic Chicago tradition, loaded with cheese and chunky tomato sauce.",Chicago Deep Dish
Rush Street Bar,ORD,"A Chicago-themed bar named after the city's nightlife corridor, serving cocktails and cold beers with bar snacks.",Sports Bar
Salad Works,ORD,"A fast-casual salad chain building large, customisable salads with fresh toppings and house-made dressings.",Salads
Skybridge Bar & Grill,ORD,"A bar and grill serving American pub food including burgers, wings, and sandwiches in the skybridge connecting terminals.",American Bar & Grill
Skyscrapers Bar,ORD,A Chicago-themed cocktail bar serving classic and creative cocktails inspired by the city's iconic architecture.,Cocktail Bar
Sports Edition Bar,ORD,"A sports bar with multiple screens showing live games, serving beers, burgers, and classic bar food.",Sports Bar
Stanley's Blackhawks Kitchen & Tap,ORD,"A sports bar dedicated to the Chicago Blackhawks ice hockey team, serving Chicago bar food and cold craft beers on tap.",Sports Bar
Summer House Santa Monica,ORD,"A California-inspired restaurant and bar serving light coastal cuisine including salads, seafood, and fresh pasta alongside frozen rosé.",California Casual
The Bronze Pizza,ORD,A pizzeria serving freshly made thin-crust and deep-dish style pizzas with classic and gourmet toppings.,Pizza
The Bronze Tap,ORD,A tap bar serving a rotating selection of craft beers and cocktails alongside bar snacks.,Craft Beer Bar
The Dearborn,ORD,"An upscale American tavern serving thoughtfully sourced dishes including roasted meats, seasonal vegetables, and craft cocktails.",American Tavern
The Goddess and Grocer,ORD,"A Chicago gourmet deli and market serving artisan sandwiches, prepared salads, and premium grab-and-go items.",Gourmet Deli
The Hampton Social,ORD,"A Hamptons-themed restaurant and bar serving seafood, salads, and coastal American dishes alongside frosé and cocktails.",Coastal American
Tortas Frontera by Rick Bayless,ORD,"James Beard Award-winning chef Rick Bayless's airport concept serving authentic Mexican tortas, tacos, and margaritas made with fresh, seasonal ingredients.",Mexican
Tuscany Cafe,ORD,"An Italian café serving espresso, panini, pasta dishes, and Tuscan-inspired snacks in a relaxed setting.",Italian Café
Urban Olive,ORD,"A Mediterranean-focused café serving olive oil-based dishes, salads, wraps, and healthy Mediterranean snacks.",Mediterranean
Veteran Roasters/Brown Sugar Bakery,ORD,A combined concept pairing Veteran Roasters specialty coffee with Brown Sugar Bakery's Southern-style cakes and sweet potato pies.,Coffee & Bakery
Wicker Park Market,ORD,"A Chicago neighbourhood-themed market serving locally inspired sandwiches, salads, and prepared foods.",Chicago Market
Wicker Park Sushi Bar,ORD,"A sushi bar serving rolls, nigiri, and Japanese-inspired dishes in a casual counter setting.",Japanese Sushi
And More Restaurant,PKX,"A Mediterranean restaurant serving mezze, grilled meats, and Mediterranean dishes in Beijing Daxing airport.",Mediterranean
Boutique DaDong Restaurant,PKX,"An upscale outlet of Beijing's celebrated DaDong brand, serving refined Peking duck alongside contemporary Chinese cuisine.",Chinese Peking Duck
Bridge Xiangyuan Rice Noodles,PKX,A Chinese rice noodle restaurant serving Yunnan and Hunan-style rice noodle soups and stir-fried noodle dishes.,Chinese Noodles
Chee Kei,PKX,"A Hong Kong-style wonton noodle shop serving classic Cantonese wonton soup, fish ball noodles, and roast meats.",Hong Kong Cantonese
CoCo,PKX,"A Chinese milk tea brand serving bubble tea, fruit teas, and flavoured milk teas with a variety of toppings.",Milk Tea
CoCo+Mr.Fruits,PKX,A combined milk tea and fresh fruit concept serving CoCo bubble teas alongside fresh fruit cups and fruit-based drinks.,Milk Tea & Fruit
Dumplings loved by Xihe,PKX,"A Chinese dumpling restaurant serving steamed and pan-fried dumplings from the Xihe group, known for quality fillings and hand-made wrappers.",Chinese Dumplings
Grandma's Home,PKX,"A Chinese home-style restaurant serving comfort dishes from Chinese grandmothers' kitchens, including braised meats and hearty soups.",Chinese Home Style
Guangfangyuan,PKX,A Chinese restaurant serving traditional dishes with an emphasis on regional Chinese cuisine and fresh ingredients.,Chinese
HOPE TREE,PKX,"A Chinese café chain serving fruit teas, cheese-foam teas, and light snacks in a modern setting.",Tea & Coffee
Hungry Korean,PKX,"A Korean restaurant serving bibimbap, Korean BBQ, kimchi jjigae, and other Korean comfort food staples.",Korean
LAOSHE TEAHOUSE,PKX,"An outpost of Beijing's famous Laoshe Teahouse, serving traditional Chinese teas in a cultural setting with regional snacks.",Chinese Tea
Master Kong Chef's Table,PKX,"A Chinese restaurant concept by the Master Kong brand, serving refined versions of Chinese noodle and comfort dishes.",Chinese
Qing-Feng Steamed Dumpling Shop,PKX,A popular Beijing dumpling chain serving steamed baozi and jiaozi (dumplings) with a variety of fillings including pork and vegetables.,Chinese Dumplings
Quanjude Roast Duck Restaurant,PKX,"An airport branch of Beijing's century-old Quanjude restaurant, serving the city's most iconic Peking roast duck with pancakes and condiments.",Peking Duck
Taoyuan Village,PKX,"A Chinese restaurant serving dishes from China's rural heartland, with braised meats, pickled vegetables, and home-style cooking.",Chinese Home Style
Western Mahua,PKX,A Chinese restaurant serving ma hua — deep-fried twisted dough — and other traditional Chinese pastries and snacks.,Chinese Pastry
Xi Bei,PKX,"A popular Chinese chain specialising in Northwest China cuisine, serving hand-pulled noodles, lamb dishes, and Xinjiang-inspired flavours.",Northwest Chinese
XIABUXIABU,PKX,A Chinese hot pot chain serving individual portion hot pots with a choice of broths and a variety of fresh dipping ingredients.,Chinese Hot Pot
Xishaoye,PKX,A Chinese restaurant serving roasted meats and grilled skewers inspired by Xinjiang-style barbecue traditions.,Chinese Barbecue
Africa Lounge,SEA,"A pan-African themed bar and lounge serving African-inspired cocktails, wines, and light bites.",African Bar
Bad Egg Breakfast Bar,SEA,"A breakfast-focused bar serving egg-centred dishes, breakfast sandwiches, and morning cocktails throughout the day.",Breakfast
Ballard Brew Hall,SEA,"A Seattle craft beer hall inspired by Ballard's brewing scene, serving rotating Pacific Northwest craft ales and lagers alongside bar snacks.",Craft Beer Hall
Bambuza Vietnam Kitchen & Bar,SEA,"A Vietnamese restaurant serving pho, banh mi, fresh spring rolls, and Vietnamese cocktails in a bamboo-accented setting.",Vietnamese
BrewTop Social,SEA,"A rooftop-inspired tap room serving Pacific Northwest craft beers, cocktails, and Seattle-inspired bar food.",Craft Beer Bar
Caffe D'arte,SEA,A Seattle specialty coffee roaster serving Italian-style espresso and drip coffee using European roasting methods.,Italian Coffee
Capitol Hill Food Hall,SEA,"A food hall inspired by Seattle's Capitol Hill neighbourhood, featuring multiple local food vendors under one roof.",Food Hall
Dilettante Mocha Cafe,SEA,"A Seattle institution known for rich, decadent hot chocolates, mochas, and hand-dipped chocolates alongside espresso drinks.",Chocolate & Coffee
Dish D'Lish,SEA,"A Seattle-based café serving fresh, made-to-order salads, wraps, and sandwiches using locally sourced ingredients.",Healthy Café
Embarque Whiskey Grill,SEA,"A whiskey-focused bar and grill serving American comfort food including steaks, burgers, and sides alongside a broad whiskey list.",Whiskey & Grill
Floret by Cafe Flora,SEA,"A plant-forward café offshoot of Seattle's acclaimed Café Flora, serving vegetarian and vegan dishes, fresh juices, and baked goods.",Vegetarian
Great State Burger,SEA,"A Seattle burger brand serving classic smash burgers made from quality Pacific Northwest beef with simple, well-chosen toppings.",Burgers
Greedy Cow Burger,SEA,A burger bar serving hand-pressed beef patties with creative toppings and Pacific Northwest craft beer pairings.,Burgers
Hachi-ko,SEA,"A Japanese restaurant serving ramen, sushi, and izakaya-style dishes named after the famous loyal Akita dog.",Japanese
Koi Shi Sushi Bar,SEA,"A sushi bar serving fresh nigiri, maki rolls, and sashimi platters in a sleek counter setting.",Japanese Sushi
La Vie En Rose,SEA,"A French-inspired café and wine bar serving crêpes, pastries, Champagne, and French wines in a romantic setting.",French Café
Lucky Louie Fish Shack,SEA,"A Pacific Northwest seafood shack serving Dungeness crab, clam chowder, fish and chips, and fresh oysters.",Pacific Northwest Seafood
Lunchbox Laboratory,SEA,A Seattle burger and milkshake specialist known for extravagant gourmet burgers and ultra-thick boozy shakes.,Gourmet Burgers
Moe's Indian Kitchen,SEA,"An Indian fast-casual restaurant serving curries, biryanis, tikka wraps, and samosas using authentic spice blends.",Indian
Mountain Room,SEA,"A Pacific Northwest-themed restaurant serving locally sourced meats, seafood, and seasonal produce in a mountain lodge atmosphere.",Pacific Northwest
Nanny's Northwest BBQ Joint,SEA,"A Pacific Northwest BBQ restaurant serving smoked ribs, pulled pork, and brisket with regional sides and house-made sauces.",American BBQ
Neighborhood Bubble Tea & Coffee,SEA,"A Seattle neighbourhood-inspired bubble tea and coffee kiosk serving milk teas, fruit teas, and espresso drinks.",Bubble Tea & Coffee
Neighborhood Cafe,SEA,"A casual neighbourhood-style café serving coffee, breakfast sandwiches, and light meals throughout the day.",American Café
Ninth & Pike,SEA,"A Seattle restaurant named after the Pike Place Market intersection, serving fresh Pacific Northwest seafood and market-inspired dishes.",Pacific Northwest
Open Space Tap Room,SEA,"A tap room serving a rotating selection of Pacific Northwest craft beers in a spacious, open setting.",Craft Beer
Pacific Market,SEA,"A market-style café serving locally sourced Pacific Northwest snacks, sandwiches, and artisan food products.",Pacific Northwest Market
Poke to the Max,SEA,"A poke bowl bar serving customisable Hawaiian-style ahi tuna and salmon bowls with rice, toppings, and sauces.",Hawaiian Poke
Rel'Lish Burger Lounge,SEA,A gourmet burger lounge serving handcrafted beef burgers with artisan toppings and a selection of craft beers.,Gourmet Burgers
Salty's at the SEA,SEA,"An airport branch of Seattle's Salty's waterfront restaurant group, serving fresh Dungeness crab, oysters, and Pacific seafood.",Seafood
Seattle Beer Union,SEA,"A beer union bar showcasing Seattle and Pacific Northwest craft breweries, serving rotating taps of local ales, lagers, and IPAs.",Craft Beer Bar
Seattle Dawg House,SEA,A Seattle-style hot dog stand serving loaded gourmet hot dogs with local toppings including cream cheese — a Seattle tradition.,Seattle Hot Dogs
Skillet,SEA,"The airport outpost of Seattle's beloved Skillet food truck turned restaurant, serving seasonal American comfort food with locally sourced ingredients.",American Comfort Food
Sourced Market,SEA,"A curated grab-and-go market selling artisan snacks, prepared foods, and locally sourced Pacific Northwest products.",Gourmet Market
Village Pub,SEA,"A classic pub-style bar serving cold beers, cocktails, and American pub food in a relaxed neighbourhood setting.",American Pub
Vyne Washington Tasting Room,SEA,A Washington State wine tasting room serving wines from the state's top wine regions including Walla Walla and Columbia Valley.,Wine Bar
Wanderlust,SEA,"A travel-themed café and bar serving globally inspired small plates, cocktails, and specialty coffees for adventurous eaters.",Global Eclectic
365 Juices Bar,SIN,"A juice bar serving freshly pressed fruit and vegetable juices, smoothies, and healthy cold drinks.",Juice Bar
4 Fingers Crispy Chicken,SIN,A Singapore chicken chain serving Korean-inspired crispy fried chicken tossed in signature soy garlic or spicy sauce.,Korean Fried Chicken
7Café,SIN,"A casual café serving coffee, light meals, and snacks for travellers passing through the terminal.",Café
A Noodle Story,SIN,"A hawker-style stall serving a Singapore-Japanese fusion noodle dish — springy noodles topped with a soft-boiled egg, prawn, and wonton in a rich broth.",Singaporean Noodles
A-Roy Thai Restaurant,SIN,"A Thai restaurant serving classic dishes including pad thai, green curry, and tom yum in an airport setting.",Thai
Aburi-EN,SIN,A Japanese restaurant specialising in aburi (flame-seared) dishes including aburi salmon sushi and grilled meat sets.,Japanese
ActionCity Café,SIN,"A café attached to the ActionCity gaming and pop-culture retail store, serving drinks and snacks in a themed setting.",Themed Café
Allora Ristorante & Bar,SIN,"An Italian restaurant serving pasta, risotto, wood-fired pizza, and Italian wines in a relaxed dining room.",Italian
Amps Tea,SIN,"A tea and beverage kiosk serving brewed teas, milk teas, and seasonal tea-based drinks.",Tea & Drinks
An Acai Affair,SIN,"A health-focused café serving Brazilian acai bowls topped with granola, fresh fruit, and superfood toppings.",Acai & Health Food
Anjappar,SIN,"A South Indian Chettinad restaurant serving spiced curries, biryani, dosas, and traditional Tamil Nadu dishes.",South Indian
Arteastiq,SIN,"A tea-based café and art space serving milk teas, desserts, and light meals in a gallery-inspired environment.",Tea & Desserts
Beauty in the Pot,SIN,A Singaporean hot pot chain serving a signature collagen beauty broth alongside a broad spread of fresh ingredients to cook at the table.,Chinese Hot Pot
Birds of Paradise,SIN,An artisan gelato brand serving botanical-flavoured ice cream in unusual flavours like Thai milk tea and white chrysanthemum.,Artisan Gelato
Buk Chang Dong Soon Tofu,SIN,A Korean restaurant specialising in soondubu jjigae — silken tofu stew in spicy broth — alongside Korean rice and noodle dishes.,Korean
Butter & Cream,SIN,"A dessert café serving rich butter cakes, cream-based desserts, and pastries inspired by local Singapore flavours.",Desserts & Cakes
Cafe O,SIN,"A Singapore coffee shop serving local kopi, teas, and light Singaporean snacks in a traditional kopitiam style.",Singapore Kopitiam
Central Thai,SIN,"A Thai restaurant serving central Thai cuisine including pad kra pao, massaman curry, and mango sticky rice.",Thai
CHA MULAN,SIN,"A Chinese tea brand serving traditional Chinese teas, flavoured milk teas, and tea-based beverages.",Chinese Tea
Chatterbox Express,SIN,"The express format of the iconic Mandarin Orchard hotel's Chatterbox restaurant, serving Singapore's famous Mandarin chicken rice.",Singaporean
Chef Wei HK Cheong Fun,SIN,A Hong Kong-style stall serving freshly made cheong fun (steamed rice rolls) with various fillings and toppings.,Hong Kong Cantonese
Chengdu Bowl,SIN,"A Sichuan restaurant serving bold, spicy Chengdu-style dishes including mapo tofu, dan dan noodles, and spicy hot pot.",Sichuan Chinese
Chow Zan Dessert,SIN,"A Chinese dessert shop serving traditional sweet soups, tofu pudding, and chilled desserts including mango sago.",Chinese Desserts
Chutney Mary,SIN,"An Indian restaurant serving a range of regional Indian dishes including curries, biryanis, and tandoor-cooked breads.",Indian
Claypot Daddy,SIN,"A Singaporean restaurant serving claypot rice — rice slow-cooked in clay pots with toppings like salted fish, chicken, and lap cheong.",Singaporean
Cookhouse,SIN,A casual restaurant serving a mix of local Singaporean and Western comfort dishes in a canteen-style setting.,Singaporean Western
Crown Prince Kitchenette,SIN,"A Chinese restaurant serving Cantonese classics including dim sum, wonton noodles, and roast meats.",Cantonese
Dian Xiao Er,SIN,"A Chinese herbal restaurant serving traditional herbal roast duck, braised pork, and Chinese medicinal soups.",Chinese Herbal
Elfuego by COLLIN'S,SIN,"A contemporary grill restaurant by the Collin's brand, serving fire-grilled meats, seafood, and Western-Asian fusion dishes.",Grill & Fusion
Fish & Co,SIN,"A Singapore seafood chain serving fish and chips, baked fish dishes, and Western-style seafood in casual surroundings.",Western Seafood
Food Republic,SIN,A large Singaporean hawker court-style food hall offering a wide variety of local and Asian dishes from multiple stalls.,Singapore Hawker
Foodies' Clan,SIN,A Singaporean food concept serving a curated selection of popular local dishes and hawker favourites.,Singaporean
Gochi-So Shokudo,SIN,"A Japanese shokudo (dining hall) serving rice sets, ramen, and everyday Japanese comfort dishes in a casual setting.",Japanese
Gourmet Sarawak,SIN,"A Malaysian restaurant showcasing cuisine from Sarawak, serving dishes like kolo mee, laksa Sarawak, and local Bornean specialties.",Malaysian
Gwangjang GAON,SIN,"A Korean restaurant inspired by Seoul's Gwangjang Market, serving bindaetteok (mung bean pancakes), bibimbap, and Korean street food.",Korean
Hakka Yu,SIN,"A Chinese restaurant serving traditional Hakka cuisine including yong tau foo, braised pork belly, and abacus seeds.",Hakka Chinese
Harry's,SIN,"A popular Singapore bar and casual dining chain serving Western pub food, burgers, and cold beers in a sports bar atmosphere.",Bar & Grill
Harry's Bar and Dining,SIN,"A bar and dining concept by Harry's, serving an expanded menu of Western dishes, burgers, and cocktails alongside draught beer.",Bar & Grill
Heavenly Wang,SIN,"A Singaporean local chain serving kaya toast, soft-boiled eggs, and traditional coffee in a classic kopitiam style.",Singapore Kopitiam
Hitoyoshi Izakaya,SIN,"A Japanese izakaya serving charcoal-grilled yakitori skewers, sashimi, and Japanese drinking snacks with sake and beer.",Japanese Izakaya
Hoshino Coffee,SIN,"A Japanese café chain serving thick, soufflé-style pancakes, fresh-brewed syphon coffee, and light Western dishes.",Japanese Café
Hot Tomato,SIN,"A casual Western café serving all-day breakfasts, pasta, grilled meats, and desserts in a relaxed setting.",Western Café
HUB & SPOKE CAFÉ,SIN,"A specialty coffee café serving single-origin espresso drinks, cold brew, and artisan pastries in a minimalist setting.",Specialty Coffee
Ichikokudo Hokkaido Ramen,SIN,A ramen restaurant from Hokkaido serving creamy miso and tonkotsu broths using Hokkaido dairy and ingredients.,Japanese Ramen
Imperial Treasure Super Peking Duck,SIN,"A fine dining branch of the Imperial Treasure group specialising in Peking duck with expertly thin, crispy skin and condiments.",Chinese Peking Duck
Ipoh Town,SIN,"A Malaysian restaurant serving Ipoh specialties including white curry mee, bean sprout chicken, and Ipoh-style dim sum.",Malaysian
ITEA Premium,SIN,"A premium tea and milk tea brand serving high-quality brewed teas, cheese-foam drinks, and fruity tea blends.",Specialty Tea
Jack's Place,SIN,"A long-established Singaporean Western restaurant serving steaks, grilled chicken, and classic Western dishes since 1966.",Western Steakhouse
Josh's Grill,SIN,"A casual grill restaurant serving grilled meats, seafood, and Western comfort food with Singaporean touches.",Grill
Kam's Roast,SIN,"A Michelin-recognised Hong Kong roast meat restaurant serving prized honey-glazed char siu, crispy roast goose, and soy chicken.",Hong Kong Roast Meats
KANE MOCHI,SIN,"A Japanese mochi and dessert kiosk serving soft, chewy mochi in seasonal flavours and Japanese-inspired sweets.",Japanese Sweets
Kantin,SIN,"A Singaporean canteen-style restaurant serving everyday local dishes including chicken rice, laksa, and nasi lemak.",Singaporean
Kimchi Mama,SIN,"A Korean restaurant serving home-style Korean cooking including kimchi jjigae, doenjang stew, and bibimbap.",Korean
Kiwami Ramen,SIN,A ramen restaurant serving refined tonkotsu and shoyu broths with carefully sourced noodles and premium toppings.,Japanese Ramen
KOI Express,SIN,"An express kiosk from the KOI brand serving its signature milk teas, fruit teas, and bubble drink series.",Milk Tea
KOI Thé,SIN,"A premium tea bar from Taiwan's KOI brand, known for its brown sugar boba milk tea and signature tea blends.",Bubble Tea
Kopikakis,SIN,A local coffee chain serving traditional Singaporean kopi alongside toasted bread and local kaya and butter spreads.,Singapore Kopitiam
Korea Culture,SIN,"A Korean restaurant serving a broad menu of Korean classics including kimchi pancakes, bibimbap, and Korean BBQ.",Korean
Lady M,SIN,A New York patisserie famous for its paper-thin mille crêpes cake and French-inspired confections and tea cakes.,Patisserie
LE Congee,SIN,"A Cantonese congee restaurant serving smooth rice porridge with various toppings including century egg, pork, and seafood.",Cantonese Congee
LeMa Dumpling,SIN,"A Chinese restaurant specialising in hand-made dumplings with a variety of fillings, served steamed, boiled, or pan-fried.",Chinese Dumplings
LiXin Teochew Fishball Noodle,SIN,A Singaporean fishball noodle stall serving springy yellow noodles or beehoon in clear broth topped with bouncy hand-made fishballs.,Singaporean Noodles
Luke's Lobster,SIN,"A Maine-style lobster roll bar serving fresh, chilled lobster, crab, and shrimp rolls with a simple butter and lemon dressing.",Seafood Rolls
Ma Mum,SIN,"A Thai restaurant serving authentic home-style Thai cooking including stir-fries, curries, and traditional soups.",Thai
MA MUM To Go,SIN,"The express grab-and-go format of Ma Mum, offering Thai rice boxes and noodle dishes for quick meals.",Thai Fast Casual
Mamma Mia,SIN,"An Italian trattoria serving homemade pasta, Neapolitan-style pizza, and classic Italian antipasti.",Italian
Mango Tree & Heineken World Bar,SIN,"A Thai restaurant combined with a Heineken-sponsored bar, serving Thai dishes and cold Heineken beers in a tropical setting.",Thai & Bar
Meltise,SIN,A dessert café serving raclette-style melted cheese over potatoes and other creative cheese-based sweet and savoury dishes.,Cheese Desserts
Monster Curry,SIN,A Japanese curry restaurant serving massive portions of Japanese-style curry with a choice of protein over white rice.,Japanese Curry
Mr Teh Tarik Express,SIN,"A local kiosk serving teh tarik — the frothy, pulled milk tea iconic to Singapore and Malaysia — alongside kopi and snacks.",Singapore Kopitiam
Mr. Coconut,SIN,"A Singapore street drink brand serving freshly blended coconut shakes in flavours like chocolate, taro, and pandan.",Coconut Drinks
Mrs Pho,SIN,"A Vietnamese restaurant serving pho noodle soups, Vietnamese rice plates, and fresh spring rolls.",Vietnamese
Munchi Pancakes,SIN,A dessert kiosk serving fluffy Taiwanese-style hot cakes and pancakes with sweet fillings and toppings.,Pancakes & Desserts
Naixue,SIN,"A premium Chinese tea brand serving cheese-foam teas, fresh fruit teas, and soft pretzels in a modern café setting.",Premium Tea
Nam Kee Pau,SIN,"A Singaporean steamed bun shop serving hand-made pau (bao) with fillings including BBQ pork, lotus paste, and salted egg.",Singaporean Dim Sum
NamNam,SIN,"A Vietnamese noodle bar serving freshly made pho, bun bo Hue, and Vietnamese rice dishes using traditional recipes.",Vietnamese
Nasty Cookie,SIN,"A cookie bakery serving thick, gooey New York-style cookies in rotating flavours including sea salt caramel and double chocolate.",Bakery & Cookies
Nesuto,SIN,"A Japanese patisserie serving precisely crafted Japanese-Western cakes, mousse desserts, and seasonal confections.",Japanese Patisserie
Nine Fresh,SIN,"A Chinese restaurant serving Cantonese soups, rice dishes, and light Chinese comfort food.",Cantonese
Nong Geng Ji,SIN,A Singaporean hawker-style stall serving Teochew-style muay (rice porridge) with an array of side dishes.,Singapore Porridge
Noyah La Maison & Zero Degree,SIN,A French-Singaporean café concept combining French pastries and light meals with Asian cold desserts.,French Café & Desserts
NY Char Grill,SIN,"A New York-inspired grill serving char-grilled burgers, steaks, and chicken with American-style sides.",American Grill
O'Coffee Club,SIN,"A Singapore home-grown coffee and café chain serving locally roasted coffees, all-day brunches, and light meals.",Café
O'Coffee Club Roastery,SIN,"The roastery-focused outpost of O'Coffee Club, highlighting single-origin and specialty espresso drinks and beans.",Specialty Coffee
O'Coffee Club Xpress,SIN,An express kiosk format of O'Coffee Club serving takeaway coffees and quick snacks.,Coffee
OMEGA Pork Noodle,SIN,A Singaporean noodle stall serving Teochew-style pork noodles in clear or dark soy broth with minced pork and pork balls.,Singaporean Noodles
Overflow,SIN,"A bar and casual dining concept serving cocktails, craft beers, and light bites in an open, convivial atmosphere.",Bar & Casual Dining
Paradise Classic,SIN,"A Chinese restaurant from the Paradise Group serving Cantonese and Singapore-style seafood, dim sum, and classic wok dishes.",Cantonese
Peach Garden,SIN,"A Cantonese fine dining restaurant serving premium dim sum, wok-fried seafood, and classic Cantonese banquet dishes.",Cantonese Fine Dining
Pop Play Planet Cafe,SIN,"A themed café combining a play zone with food, serving kid-friendly snacks, drinks, and light meals.",Themed Café
Poulet Bijou,SIN,A French-inspired chicken restaurant serving roasted and braised whole chickens with French-style sides and sauces.,French Chicken
PS.Cafe,SIN,"A stylish Singapore café group known for truffle shoestring fries, hearty brunches, and relaxed all-day dining in design-forward spaces.",Modern Café
Queic by Olivia,SIN,"A patisserie and dessert café by pastry chef Olivia Leng, serving French-inspired quiches, tarts, and layered desserts.",French Patisserie
Ramen Keisuke Singapore,SIN,"A Singapore ramen concept by Japanese chef Keisuke, serving rich pork king broth ramen with a variety of toppings.",Japanese Ramen
Roost,SIN,A chicken-focused restaurant serving rotisserie and fried chicken with Asian-inspired sides and house-made sauces.,Rotisserie Chicken
Rotiboy,SIN,"A Malaysian bakery chain famous for its warm, buttery buns with a crisp coffee-flavoured crust — best eaten straight from the oven.",Malaysian Bakery
Royal Host,SIN,"A Japanese family restaurant chain serving Western and Japanese comfort dishes including steaks, gratin, and hamburg steak.",Japanese Family Dining
Saap Saap Thai,SIN,"A casual Thai restaurant serving authentic spicy and aromatic Thai dishes including larb, papaya salad, and basil stir-fries.",Thai
Sampanman,SIN,"A Singapore seafood concept serving locally inspired seafood dishes including chilli crab, black pepper crab, and seafood hotpots.",Singapore Seafood
Sanook Kitchen,SIN,"A Thai kitchen serving casual Thai street food including pad see ew, Thai fried rice, and tom kha coconut soup.",Thai
SF Fruits & Juices,SIN,"A fruit juice kiosk serving freshly squeezed juices, blended fruit drinks, and whole fruit cups.",Juice Bar
SG Hawker,SIN,A hawker-style food stall serving popular Singaporean street food classics including char kway teow and hokkien mee.,Singapore Hawker
Singapore Food Street,SIN,"A food street concept recreating Singapore's hawker culture, offering iconic dishes from multiple local stalls under one roof.",Singapore Hawker
Soup Restaurant,SIN,A Singaporean restaurant specialising in traditional Cantonese-style soups and samsui ginger chicken served with rice and sides.,Singaporean Chinese
SugarBelly,SIN,"A dessert café serving creative sugar-spun desserts, cotton candy creations, and sweet drinks in a playful setting.",Desserts
Taiwan Culture,SIN,"A Taiwanese restaurant serving braised pork rice, oyster vermicelli, scallion pancakes, and other Taiwanese comfort dishes.",Taiwanese
Terrace Chinese Kitchen,SIN,"A Chinese restaurant serving Cantonese wok dishes, seafood, and steamed items in a relaxed terrace setting.",Cantonese
The 1872 Clipper Tea Co.,SIN,"A premium tea brand serving loose-leaf teas from Darjeeling, Assam, and Ceylon alongside tea-infused desserts and drinks.",Premium Tea
The Coach Restaurant,SIN,"A casual bar and grill serving American-style burgers, wings, and Western pub food with cold drinks.",American Bar & Grill
The Hainan Story,SIN,"A Singaporean restaurant celebrating Hainanese heritage, serving chicken rice, Hainanese curry, and other Hainanese community dishes.",Singaporean Hainanese
The Hainan Story Bakery,SIN,"A Hainanese-inspired bakery arm of The Hainan Story, serving traditional kaya buns, pineapple tarts, and local pastries.",Singaporean Bakery
The Satay Club,SIN,"A Singapore satay concept serving charcoal-grilled meat skewers — a hawker tradition — with peanut sauce, ketupat, and cucumber.",Singapore Satay
TheJellyHearts,SIN,"A dessert kiosk serving flavoured jelly drinks, fruit jellies, and sweet Asian-inspired cold desserts.",Asian Desserts
Tiger Bar & Restaurant,SIN,A Tiger Beer-branded bar and restaurant serving local Singaporean dishes alongside Singapore's iconic lager on tap.,Singapore Bar
Tiger Den,SIN,"A bar concept by Tiger Beer serving cold beers, cocktails, and bar snacks in a relaxed, branded environment.",Bar
Tip Top,SIN,"A Singaporean hawker classic serving curry puffs, chilli crab puffs, and local Singaporean snacks and pastries.",Singaporean Snacks
Tokyo Milk Cheese Factory,SIN,A Japanese snack brand serving premium milk and cheese-flavoured biscuits and confections from Hokkaido dairy.,Japanese Snacks
Tonkatsu by Ma Maison,SIN,A Japanese tonkatsu restaurant serving premium deep-fried pork cutlets in the style of the beloved Ma Maison Western-Japanese chain.,Japanese Tonkatsu
TP TEA,SIN,"A Taiwanese tea brand serving freshly brewed oolong teas, milk teas, and seasonal fruit tea drinks.",Bubble Tea
Treasures Yi Dian Xin,SIN,"A dim sum restaurant serving a broad selection of Cantonese yum cha classics including har gow, siu mai, and baked BBQ pork buns.",Cantonese Dim Sum
Tsui Wah,SIN,"A Hong Kong cha chaan teng serving milk tea, pineapple buns, instant noodles, and classic Hong Kong café fare.",Hong Kong Café
Tun Xiang,SIN,"A Chinese restaurant serving braised pork knuckle, slow-cooked meats, and traditional Chinese comfort dishes.",Chinese Braised Meats
Tutto by Da Paolo,SIN,"An Italian restaurant by Singapore's Da Paolo group serving handmade pasta, pizza, and classic Italian dishes using imported ingredients.",Italian
Wa-En Wagyu,SIN,"A Japanese restaurant specialising in premium wagyu beef served as yakiniku grills, don bowls, and tasting cuts.",Japanese Wagyu
Wang Noodle House,SIN,A Chinese noodle house serving hand-pulled noodles in a variety of broths including tomato beef and spicy mala.,Chinese Noodles
Wee Nam Kee Hainanese Chicken Rice,SIN,A long-standing Singaporean chicken rice restaurant serving smooth-skinned poached chicken over fragrant rice with chilli and ginger sauce.,Singaporean Chicken Rice
White Restaurant,SIN,"A Singaporean restaurant famous for its white bee hoon — rice vermicelli cooked in a rich, milky prawn broth.",Singaporean
Woke Ramen,SIN,A ramen bar serving contemporary Singapore-style ramen with locally influenced broths and creative toppings.,Japanese Ramen
Wu Fang Zhai,SIN,A Hangzhou-origin Chinese brand famous for traditional zongzi (sticky rice dumplings) and Jiangnan-style pastries and snacks.,Chinese Pastry
XW Western Grill,SIN,"A Western grill restaurant serving steaks, burgers, and grilled chicken with classic Western sides.",Western Grill
Yun Nans,SIN,"A Yunnan Chinese restaurant serving crossing-the-bridge rice noodles, wild mushroom hot pot, and Yunnan-style dishes in a contemporary setting.",Yunnan Chinese
1915 Lanzhou Beef Noodles,SYD,"A Chinese noodle restaurant serving hand-pulled Lanzhou-style beef noodles in a clear, slow-simmered bone broth.",Chinese Noodles
Allpress Espresso,SYD,A New Zealand specialty coffee roaster serving precisely brewed espresso and filter coffees alongside light pastries.,Specialty Coffee
Atrium Dine,SYD,A casual dining restaurant in the terminal atrium serving a broad menu of Australian and international dishes.,Australian
Betty's Burgers,SYD,"An Australian burger chain inspired by the American South, serving classic beef burgers, crinkle-cut fries, and milkshakes.",Burgers
Bistro 2020,SYD,"A bistro-style restaurant serving Australian and international dishes in a relaxed, full-service setting.",Australian Bistro
Brasserie Bread,SYD,"An acclaimed Sydney artisan bakery serving freshly baked sourdough, pastries, sandwiches, and specialty coffee.",Artisan Bakery
Caffettino Espresso,SYD,"An espresso kiosk serving Italian-style coffee drinks, short blacks, and flat whites to go.",Coffee
Campos Coffee,SYD,"A Sydney specialty coffee roaster serving consistently excellent espresso, filter coffee, and light café snacks.",Specialty Coffee
EARL Dine,SYD,"A dining concept serving modern Australian café food including grain bowls, sandwiches, and all-day brunch dishes.",Modern Australian
East x West Dine,SYD,"A fusion dining restaurant combining Eastern and Western cooking techniques, serving Asian-influenced dishes alongside Australian staples.",Asian Fusion
Fat Yak Bar,SYD,A bar serving Fat Yak Pale Ale and a selection of Australian craft beers alongside bar snacks and light bites.,Craft Beer Bar
Great Northern Dine,SYD,"A dining concept inspired by Northern Australia, serving light Australian dishes and cold beers in a relaxed setting.",Australian
Heineken House,SYD,A Heineken-branded bar serving cold Heineken beers and basic bar snacks in a relaxed lounge atmosphere.,Bar
Hikari Ramen & Donburi,SYD,"A Japanese restaurant serving tonkotsu ramen, chicken karaage, and rice bowls in a casual setting.",Japanese
Icebergs,SYD,"An outpost of Sydney's iconic Icebergs Dining Room concept, serving Italian-Mediterranean dishes and cocktails.",Italian Mediterranean
Inbound Café,SYD,"A café in the arrivals area serving coffee, breakfast items, and light snacks for newly arrived passengers.",Café
Kitchen by Mike,SYD,"A Sydney chef's canteen concept serving seasonal, market-driven Australian dishes in a communal café style.",Modern Australian
Lilong by Taste of Shanghai,SYD,"A Shanghainese restaurant serving xiao long bao (soup dumplings), scallion noodles, and Shanghai street-food classics.",Shanghainese
Liv Eat,SYD,"A health-focused café serving nourishing salads, grain bowls, smoothies, and wholefood snacks.",Healthy Café
Loop Bagels,SYD,"A New York-style bagel shop serving hand-rolled bagels with cream cheese, smoked salmon, and deli fillings.",Bagels
Lotus Dumpling Bar,SYD,A Chinese dumpling bar serving steamed and pan-fried dumplings alongside noodle dishes and dim sum-style snacks.,Chinese Dumplings
Loulou,SYD,"A French-inspired bistro and wine bar serving classic brasserie dishes, oysters, and a curated wine list.",French Bistro
Luke's Bistro & Bar,SYD,"A casual Australian bistro and bar serving classic pub meals, seafood, and cold beers in a relaxed airport setting.",Australian Pub
Lumos Cafe,SYD,"A bright café serving specialty coffee, healthy breakfast dishes, and light meals throughout the day.",Café
Mad Mex,SYD,"An Australian Mexican fast-casual chain serving burritos, tacos, and nachos with fresh guacamole and house-made salsas.",Mexican Fast Casual
Maggio's,SYD,"An Italian café and casual restaurant serving pizza, pasta, and espresso drinks in a relaxed trattoria style.",Italian
Mrs Fields Bakery Cafe,SYD,"A bakery café known for its freshly baked cookies, muffins, and cakes alongside coffee drinks.",Bakery & Coffee
Ooosh Oregano Bakery,SYD,"An Australian artisan bakery serving freshly baked breads, savoury pastries, and herb-infused rolls.",Artisan Bakery
Oporto,SYD,An Australian fast-food chain serving flame-grilled Portuguese-style chicken burgers and wraps with peri-peri sauce.,Portuguese Chicken
Peroni Bar,SYD,An Italian beer-branded bar serving Peroni on tap alongside light Italian snacks and antipasti.,Italian Bar
Pete's Pies,SYD,"A New Zealand-inspired pie shop serving hearty hand-held pies filled with beef, chicken, and seasonal fillings.",Pies
Pulp + Grind,SYD,"A health-focused juice and coffee bar serving cold-pressed juices, smoothie bowls, and specialty espresso drinks.",Juice & Coffee
Roll'd,SYD,"An Australian Vietnamese chain serving fresh, made-to-order rice paper rolls, banh mi, and Vietnamese noodle bowls.",Vietnamese
Sahara Grill,SYD,"A Middle Eastern grill serving shish kebabs, falafel, hummus, and Lebanese-style grilled meats and wraps.",Middle Eastern
Slim's Quality Burger,SYD,"An Australian craft burger brand serving smash-style beef burgers made with quality, locally sourced ingredients.",Burgers
Sol Bowl,SYD,"A healthy bowl bar serving customisable grain bowls, Buddha bowls, and warm nourishing dishes with seasonal ingredients.",Healthy Bowls
Stitch Coffee,SYD,A Sydney specialty coffee roaster serving meticulously brewed espresso and filter coffees with a focus on traceability.,Specialty Coffee
Stone & Wood Dine,SYD,"A dining concept partnered with Byron Bay's Stone & Wood brewery, serving Australian food alongside craft beers.",Australian Craft Beer
SumoSalad Green on Green,SYD,"An Australian salad chain serving large, customisable salads, wraps, and wholefood bowls made to order.",Salads & Bowls
Sushia,SYD,"A Japanese sushi restaurant serving nigiri, maki rolls, and bento boxes with fresh seafood.",Japanese Sushi
Sydney Coffee Trader,SYD,A local coffee kiosk serving house-roasted espresso drinks and light snacks for Sydney travellers.,Coffee
Taste of Thai,SYD,"A Thai restaurant serving classic dishes including pad thai, green curry, and som tam papaya salad.",Thai
The Bistro by Wolfgang Puck,SYD,"A casual bistro from celebrity chef Wolfgang Puck serving upscale American comfort food, salads, and cocktails.",American Bistro
The Sushi Platter,SYD,"A sushi restaurant and takeaway counter serving fresh nigiri platters, rolls, and Japanese bento sets.",Japanese Sushi
Toby's Estate,SYD,"A Sydney specialty coffee roaster with roots in a heritage warehouse, serving expertly brewed espresso and filter coffee.",Specialty Coffee
Top Juice,SYD,A fresh juice and smoothie bar serving made-to-order fruit and vegetable blends and healthy cold-pressed juices.,Juice Bar
Tres Tacos,SYD,"A Mexican taco bar serving authentic street-style tacos with a range of fillings including pork, chicken, and fish.",Mexican Tacos
Veloce Espresso,SYD,A quick-service espresso kiosk serving Italian-style coffee and light pastries for travellers on the move.,Coffee
Viaggio Espresso + Bar,SYD,"An Italian-inspired café and bar serving espresso drinks, Aperol spritzes, and light Italian snacks.",Italian Café Bar
7-11,TPE,"A convenience store chain stocking packaged snacks, drinks, hot foods, and travel essentials around the clock.",Convenience & Snacks
Airport Corner,TPE,"A casual café and snack bar serving Taiwanese light meals, coffee, and snacks for departing travellers.",Taiwanese Café
Barista Premium,TPE,A premium coffee café serving carefully brewed espresso drinks and specialty coffees with light pastries.,Specialty Coffee
Bistro:D,TPE,"A bistro serving a mix of Taiwanese and Western dishes including pasta, rice plates, and sandwiches.",Taiwanese Western
Burger Land,TPE,"A casual burger restaurant serving beef burgers, chicken burgers, and fast-food style sides.",Burgers
C'est Bon Café,TPE,"A French-inspired café chain serving coffee, light pastries, sandwiches, and quiches.",French Café
Chengmeng,TPE,A Taiwanese restaurant specialising in traditional Chengmeng-style braised dishes and regional comfort food.,Taiwanese
Chinese Herb Rib Stew,TPE,A Taiwanese restaurant serving bak kut teh — slow-simmered pork ribs in a herbal broth — and Chinese herbal soups.,Chinese Herbal Soup
COFFEE MAN,TPE,"A coffee kiosk serving espresso drinks, iced coffees, and quick snacks for travellers.",Coffee
COLDSTONE,TPE,A Cold Stone Creamery franchise serving hand-mixed ice cream creations blended on a frozen stone with mix-ins to order.,Ice Cream
Comebuy,TPE,"A Taiwanese bubble tea brand serving hand-shaken teas, fruit teas, and fresh-brewed milk teas.",Bubble Tea
COMEME,TPE,"A casual restaurant serving Taiwanese and Asian-fusion dishes including rice boxes, noodles, and stir-fries.",Taiwanese Asian
D'Good Café,TPE,"A lifestyle café serving specialty coffee, brunch dishes, and baked goods in a design-conscious setting.",Specialty Coffee
D3 Bar,TPE,"A bar in the departure area serving cocktails, wines, and beers with light snacks.",Bar
Dan Dan Noodles,TPE,"A noodle restaurant specialising in dan dan mian — Sichuan-style spicy noodles with sesame paste, chilli oil, and minced pork.",Sichuan Noodles
DAZZLING Café,TPE,"A Taiwanese Instagram-famous café known for honey toast, fluffy soufflé pancakes, and photogenic desserts.",Taiwanese Desserts
Di Shui Dong Dumplings,TPE,A Chinese dumpling restaurant serving steamed and pan-fried dumplings with a variety of pork and vegetable fillings.,Chinese Dumplings
Dome,TPE,"An Australian café chain serving all-day breakfasts, sandwiches, pasta, and coffee in a relaxed setting.",Australian Café
Donburi Kitchen,TPE,"A Japanese-Taiwanese restaurant serving donburi rice bowls with toppings including teriyaki chicken, salmon, and pork katsu.",Japanese Rice Bowls
Dovecat,TPE,"A Taiwanese café serving specialty coffees, desserts, and light café meals in a stylish, cat-themed setting.",Taiwanese Café
Eslite Spectrum Café,TPE,"A café connected to the Eslite Spectrum bookstore-lifestyle space, serving coffee, teas, and light meals.",Café
FORMOSA CHANG,TPE,A Taiwanese fast-food chain famous for its lu rou fan — braised minced pork rice — one of Taiwan's most beloved comfort foods.,Taiwanese
Fujian Noodles,TPE,A noodle restaurant serving Fujian-style noodle dishes including oyster vermicelli and red wine lees noodles.,Fujianese Noodles
Gentry Noodle,TPE,A Taiwanese noodle restaurant serving premium-quality beef noodle soup — Taiwan's national dish — with slow-braised brisket.,Taiwanese Beef Noodles
Gontran Cherrier,TPE,"A Parisian bakery by award-winning baker Gontran Cherrier, serving creative croissants, breads, and French-Japanese fusion pastries.",French Bakery
Guiji,TPE,A Taiwanese restaurant serving traditional Taiwanese dishes with a focus on quality ingredients and classic recipes.,Taiwanese
HA-HA Braised Pork Rice,TPE,A Taiwanese fast-food chain serving lu rou fan (braised pork rice) and traditional Taiwanese side dishes.,Taiwanese
Hanlin Tea House,TPE,"A traditional Taiwanese tea house serving premium oolong teas, bubble teas, and traditional Taiwanese tea snacks.",Taiwanese Tea
Hanlin Tea Room,TPE,"A Taiwanese tea room serving classic teas including Alishan oolong, milk teas, and Taiwanese tea culture favourites.",Taiwanese Tea
Hao Hao Chi,TPE,"A Taiwanese casual restaurant serving traditional Taiwanese comfort dishes including oyster omelette, braised tofu, and stir-fries.",Taiwanese
Hong Master Danzai Noodles,TPE,A Taiwanese restaurant serving danzai (ta-a) noodles — thin noodles in shrimp broth topped with minced pork and a half egg.,Taiwanese Noodles
hómee KITCHEN,TPE,"A home-style Taiwanese kitchen serving warm, comforting rice and noodle dishes inspired by family cooking.",Taiwanese Home Style
Hómee RICE,TPE,"A Taiwanese rice bowl restaurant serving simple, wholesome rice sets with braised meats and Taiwanese side dishes.",Taiwanese
I-MEI CLASSIC RESTAURANT,TPE,"A restaurant by Taiwan's I-Mei Foods brand, serving traditional Taiwanese dishes and classic Chinese comfort food.",Taiwanese
IJYSHENG,TPE,A Taiwanese restaurant serving traditional lu wei — braised offal and vegetable skewers in a spiced brine.,Taiwanese Braised
IKARI Coffee,TPE,"A Taiwanese premium coffee chain serving specialty espresso drinks, pour-overs, and freshly baked pastries.",Specialty Coffee
J&G Fried Chicken,TPE,"A Taiwanese fried chicken stall serving crispy popcorn chicken, chicken cutlets, and Taiwanese-style fried snacks.",Taiwanese Fried Chicken
Jin Xian Platinum Braised Pork Rice,TPE,A Taiwanese restaurant serving premium lu rou fan — braised pork belly rice — and traditional Taiwanese soups.,Taiwanese
Juice Bear,TPE,"A fresh juice kiosk serving tropical and seasonal fruit juices, smoothies, and blended drinks.",Juice Bar
kafeD,TPE,"A Taiwanese café serving specialty coffee, cakes, and light meals in a contemporary design space.",Café
Kakurega,TPE,"A Japanese izakaya-style restaurant serving grilled skewers, sashimi, and Japanese drinking snacks.",Japanese Izakaya
La Kaffa,TPE,"A Taiwanese café chain serving coffee drinks, bubble teas, and light snacks in a casual setting.",Coffee & Tea
Maeda Coffee,TPE,A Japanese coffee shop from Kyoto serving hand-drip coffee and light Japanese sweets in a refined setting.,Japanese Coffee
Mata Tofu Pudding,TPE,A Taiwanese dessert kiosk serving silky tofu pudding in warm or cold versions with brown sugar or ginger syrup.,Taiwanese Desserts
Mazuvillage,TPE,A Taiwanese seafood restaurant specialising in traditional Mazu Islands-inspired dishes and fresh seafood.,Taiwanese Seafood
MEBUYTEA,TPE,"A Taiwanese bubble tea brand serving fresh-brewed teas, fruit teas, and signature milk teas with toppings.",Bubble Tea
Mi Solo Yakiniku,TPE,A Japanese yakiniku (grilled meat) restaurant serving individual-portion beef sets cooked on small personal tabletop grills.,Japanese BBQ
MOONMOONFOOD,TPE,"A Taiwanese dessert and snack concept serving moon-cake inspired sweets, traditional pastries, and seasonal treats.",Taiwanese Pastry
PINE KOREAN Restaurant,TPE,"A Korean restaurant serving bibimbap, Korean BBQ, sundubu jjigae, and other Korean comfort classics.",Korean
Pizza CreAfe',TPE,"A café-pizzeria serving thin-crust pizza alongside coffee drinks, sandwiches, and light meals.",Pizza & Café
RAMEN IROHA,TPE,"A Japanese ramen chain from Toyama serving clam-infused, umami-rich Toyama Black ramen with thick, dark soy broth.",Japanese Ramen
Ramen Makotoya,TPE,A Japanese ramen restaurant serving traditional Hokkaido-style miso ramen with rich broth and classic toppings.,Japanese Ramen
Royal-House,TPE,A Taiwanese restaurant serving classic Taiwanese and Chinese banquet-style dishes in a traditional setting.,Taiwanese Chinese
Second Master & Young Young Bak Kut Teh,TPE,A Malaysian-Taiwanese restaurant serving bak kut teh — pork ribs simmered in a peppery herbal broth — and side dishes.,Bak Kut Teh
Shu Sheep a Bowl of Lamb,TPE,"A Taiwanese restaurant specialising in slow-braised lamb dishes, lamb soup, and lamb noodle sets.",Taiwanese Lamb
Sichuan Impression,TPE,"A Sichuan Chinese restaurant serving mapo tofu, dan dan noodles, and bold, numbing-spicy dishes from Chengdu.",Sichuan Chinese
Sky Elephant Thai Restaurant,TPE,"A Thai restaurant serving authentic Thai cuisine including green curry, pad kra pao, and tom yum seafood soup.",Thai
STAR HOSEKI,TPE,"A Taiwanese premium dessert and confectionery shop serving handcrafted sweets, traditional mochi, and seasonal treats.",Taiwanese Sweets
Sugar & Spice,TPE,"A Taiwanese bakery and café serving traditional pineapple cakes, egg rolls, and classic Taiwanese pastries.",Taiwanese Bakery
T2 Tea,TPE,"An Australian loose-leaf tea brand serving a wide range of blended teas, herbal infusions, and iced tea drinks.",Tea
THINK CURRY HOUSE,TPE,A curry restaurant serving Japanese and South Asian curry dishes in a range of heat levels over rice or noodles.,Curry
TKK Fried Chicken x KUNG FU TEA,TPE,A dual concept combining TKK's Taiwanese popcorn chicken with Kung Fu Tea's bubble teas and milk teas.,Taiwanese Fried Chicken
Tofu Hot Pot,TPE,A Taiwanese hot pot restaurant specialising in silken tofu-based broths with fresh vegetables and proteins.,Taiwanese Hot Pot
TONKATSU,TPE,"A Japanese tonkatsu restaurant serving deep-fried pork cutlets with shredded cabbage, miso soup, and rice.",Japanese Tonkatsu
VEGE CREEK,TPE,A vegetarian and vegan Taiwanese restaurant serving plant-based versions of local comfort dishes.,Vegetarian Taiwanese
VWI COFFEE BAR,TPE,A coffee bar serving specialty espresso drinks and cold brews alongside light snacks.,Specialty Coffee
WANG'S BROTH,TPE,A Taiwanese soup restaurant serving rich bone broths and traditional Taiwanese braised dishes.,Taiwanese Soup
Wing Café,TPE,"A casual café and bar serving chicken wings, burgers, and cold beers in a relaxed setting.",Wings & Beer
Xi Zai Bian Grilled Meat Rice,TPE,A Taiwanese street-food restaurant serving charcoal-grilled pork and chicken over rice with traditional sauces.,Taiwanese BBQ
Yi Fong Tang,TPE,"A Taiwanese dessert shop serving traditional tang yuan (glutinous rice balls), red bean soups, and herbal sweets.",Taiwanese Desserts
Yummy Town,TPE,"A Taiwanese fast-casual chain serving a broad menu of local dishes including braised meats, rice sets, and noodles.",Taiwanese Fast Food
Best Ugly Bagels,WLG,"A New Zealand bagel brand inspired by Montreal-style bagels, serving hand-rolled, wood-fired bagels with classic and creative toppings.",Bagels
Emporio Express,WLG,"A café and deli serving espresso drinks, freshly made sandwiches, and light snacks in a quick-service format.",Café & Deli
Good Day,WLG,"A bright café serving specialty coffee, healthy breakfast bowls, and fresh sandwiches in a cheerful setting.",Café
Haha Chicken,WLG,A Korean fried chicken restaurant serving crispy chicken in soy garlic and spicy sauces alongside Korean sides.,Korean Fried Chicken
Mojo,WLG,A New Zealand specialty coffee brand serving carefully roasted espresso drinks and light café snacks.,Specialty Coffee
Peloton Bar & Eatery,WLG,"A cycling-themed bar and eatery serving New Zealand craft beers, light meals, and bar snacks.",New Zealand Bar
Ted & Rose,WLG,"A café and bar serving coffee, wine, and light meals in a relaxed, characterful setting.",Café Bar
Three Quarter Society,WLG,"A Wellington café concept serving specialty coffee, fresh cabinet food, and light meals throughout the day.",Specialty Coffee
Three Quarter Society Junior,WLG,"A smaller express outpost of Three Quarter Society, serving coffee and quick snacks for travellers in a hurry.",Coffee
TJ Katsu Dumplings and Noodles,WLG,"A Japanese casual restaurant serving katsu curries, pan-fried dumplings, and ramen noodle soups.",Japanese
TJ Katsu Sushi,WLG,"A Japanese sushi counter serving nigiri, maki rolls, and sashimi platters using fresh, market-quality fish.",Japanese Sushi
United Brew Works,WLG,"A craft beer bar serving New Zealand and international craft ales, lagers, and IPAs on rotating taps.",Craft Beer Bar
Whiskey Lima Golf,WLG,"A bar named in NATO phonetic alphabet for WLG, serving whiskeys, cocktails, and New Zealand beers.",Whiskey Bar
Bubble Waffle Cafe,YVR,A Hong Kong-style café serving egg waffles (bubble waffles) in sweet and savoury versions alongside teas and smoothies.,Hong Kong Café
Dirty Apron,YVR,"A Vancouver cooking school and deli serving freshly made sandwiches, salads, and prepared foods using quality local ingredients.",Gourmet Deli
Galiano Cafe,YVR,"A café named after BC's Gulf Islands, serving coffee, light meals, and fresh pastries in a relaxed West Coast setting.",Canadian Café
Globe@YVR,YVR,"A global café and casual dining spot serving internationally inspired dishes, breakfasts, and cocktails at the Vancouver airport.",International
Hanami Express,YVR,"A Japanese restaurant serving sushi rolls, bento boxes, and Japanese fast-casual dishes including teriyaki and katsu sets.",Japanese
Hangar 49,YVR,"An aviation-themed pub and restaurant serving Canadian comfort food, burgers, and a broad craft beer selection.",Canadian Pub
Hula Poké,YVR,A Hawaiian poke bar serving customisable ahi tuna and salmon bowls over rice or greens with fresh toppings.,Hawaiian Poke
Icons Sports Bar & Grill,YVR,"A sports bar with multiple screens serving burgers, wings, poutine, and cold Canadian beers during live games.",Sports Bar
Japadog,YVR,"A Vancouver cult favourite pairing Japanese toppings — teriyaki sauce, oroshi daikon, nori — with North American hot dogs.",Japanese Hot Dogs
Jetside Lounge,YVR,"A lounge bar serving cocktails, wines, and light snacks in a relaxed pre-departure setting.",Bar & Lounge
Lee's Donuts,YVR,"A Vancouver institution from Granville Island Public Market, serving freshly fried raised and cake doughnuts in classic and seasonal flavours.",Doughnuts
Lift Bar and Grill,YVR,"A casual bar and grill serving Canadian comfort food including burgers, fish and chips, and locally inspired dishes.",Canadian Bar & Grill
Pacific Coast News Café,YVR,"A café and news stand serving coffee, light snacks, and grab-and-go items alongside magazines and travel essentials.",Café
Pacific Farms Market,YVR,"A market-style café showcasing BC-grown and produced foods, serving fresh salads, sandwiches, and local snacks.",Canadian Market
Pajo's Fish & Chips,YVR,A Vancouver institution from Garry Point Park serving crispy beer-battered Pacific cod and chips with malt vinegar.,Fish & Chips
Paper Planes Cafe,YVR,"A travel-themed café serving specialty coffee, fresh pastries, and light breakfast and lunch dishes.",Specialty Coffee
Paragon Tea Room,YVR,"A tea-focused café serving a curated selection of premium loose-leaf teas, chai, and tea-inspired beverages.",Premium Tea
Purebread,YVR,"A beloved BC artisan bakery from Whistler, serving exceptional pastries including scones, croissants, and signature baked goods.",Artisan Bakery
Romers Fresh Kitchen and Bar,YVR,"A Vancouver restaurant serving fresh, locally sourced Pacific Northwest dishes and cocktails in a comfortable setting.",Pacific Northwest
Root98,YVR,"A health-focused market café serving organic snacks, fresh-pressed juices, and wholefood prepared items.",Organic Health Food
Sal Y Limon,YVR,"A Mexican restaurant serving tacos, quesadillas, and street-food inspired Mexican dishes with fresh salsas and guacamole.",Mexican
Salmon n' Bannock On The Fly,YVR,"An express version of Vancouver's celebrated Indigenous restaurant, serving wild salmon, bannock, and First Nations-inspired dishes.",Indigenous Canadian
Sweet Maple Lounge,YVR,"A Canadian-themed lounge and café serving maple-infused cocktails, Canadian whiskies, and classic Canadian snacks.",Canadian Bar
Triple O's,YVR,"A beloved BC burger chain from White Spot serving smash burgers, hand-dipped milkshakes, and onion rings since 1956.",Burgers
Whistler Taphouse & Grill,YVR,"A BC-themed taphouse serving Whistler Brewing craft beers alongside burgers, nachos, and casual grill food.",Craft Beer & Grill
White Spot,YVR,"A BC restaurant institution serving the legendary Triple-O burger, fish and chips, and classic Canadian diner food since 1928.",Canadian Diner
Acer,YYZ,"A modern café and grab-and-go market serving coffee, fresh salads, and healthy snack options.",Café & Market
Apropos,YYZ,"A casual bar and lounge serving cocktails, wines, and light bites in a pre-departure setting.",Bar & Lounge
Archeo Pizzeria,YYZ,"A rustic Italian pizzeria inspired by Toronto's Distillery District, serving wood-fired Neapolitan pizza and Italian wines.",Neapolitan Pizza
Bar 120,YYZ,"A cocktail and spirits bar serving a curated selection of whiskies, cocktails, and light snacks.",Cocktail Bar
Boccone Pronto,YYZ,"A quick-service Italian counter serving pasta, antipasti, panini, and espresso drinks for travellers in a hurry.",Italian Fast Casual
Boccone Trattoria by Massimo Capra,YYZ,"An Italian trattoria by Toronto chef Massimo Capra, serving hand-made pasta, risotto, and Italian classics with Canadian ingredients.",Italian
Booster Juice,YYZ,"A Canadian juice and smoothie chain blending fresh fruit smoothies, protein shakes, and cold-pressed juices to order.",Smoothies & Juice
Camden Food Company,YYZ,"A British-inspired café concept serving artisan sandwiches, salads, and coffee in a market-style setting.",British Café
Caplansky's Deli,YYZ,"A Toronto Jewish deli institution serving house-cured smoked meat sandwiches, matzo ball soup, and classic deli fare.",Jewish Deli
Cluny Grille,YYZ,"A contemporary grill restaurant inspired by Toronto's King West neighbourhood, serving steaks, seafood, and Canadian dishes.",Canadian Grill
Comfort Zone,YYZ,"A casual restaurant serving hearty Canadian comfort food including poutine, burgers, and classic diner dishes.",Canadian Comfort Food
Corso Pizza and Pasta,YYZ,"An Italian restaurant serving handmade pasta and thin-crust pizza in a relaxed, neighbourhood trattoria style.",Italian
Distillery Bar,YYZ,"A bar inspired by Toronto's historic Distillery District, serving craft cocktails, Canadian whisky, and light snacks.",Cocktail Bar
El Catrin Taqueria,YYZ,"The airport outpost of Toronto's acclaimed El Catrin, serving authentic Mexican street tacos, guacamole, and mezcal cocktails.",Mexican
Fetta,YYZ,"A Greek restaurant serving mezze, grilled lamb, souvlaki, and classic Greek salads in a convivial setting.",Greek
Heirloom Bakery Cafe,YYZ,"A bakery café serving freshly baked pastries, breads, and artisan coffee drinks throughout the day.",Bakery & Café
Henderson's Bottle Shop,YYZ,"A bottle shop and bar serving a curated selection of Canadian wines, craft beers, and spirits to enjoy in or take away.",Wine & Beer Bar
Ice Bar,YYZ,"An ice-themed cocktail bar serving cold drinks, spirits, and cocktails in a chilled setting.",Cocktail Bar
LEE Kitchen by Susur Lee,YYZ,"An airport kitchen by Toronto celebrity chef Susur Lee, serving Asian-inspired fusion dishes with his signature bold flavour combinations.",Asian Fusion
Marathi,YYZ,"An Indian restaurant serving regional Indian dishes including curries, biryanis, and tandoor-cooked breads and meats.",Indian
Mill Street Brewery Pub,YYZ,"A pub from Toronto's Mill Street Brewery serving its award-winning organic lager, IPAs, and craft ales alongside pub food.",Craft Beer Pub
Nobel Burger,YYZ,A gourmet burger bar serving high-quality beef and plant-based burgers with premium toppings and house sauces.,Gourmet Burgers
Osmow's Shawarma,YYZ,A popular Toronto shawarma chain serving freshly carved chicken and beef shawarma in wraps and platters with garlic sauce.,Lebanese Shawarma
Paramount Fine Foods,YYZ,"A Lebanese restaurant chain serving fresh-baked flatbreads, shawarma, falafel, and mezze in a lively casual setting.",Lebanese
Rock Squeeze,YYZ,A juice and smoothie bar serving freshly pressed cold juices and blended smoothies with fruit and superfood options.,Juice & Smoothies
Smoke's Burritorie,YYZ,"A Canadian burrito concept from the Smoke's brand, serving overstuffed burritos with Mexican-Canadian fillings.",Mexican Fast Casual
Smoke's Poutinerie,YYZ,"A Canadian poutine chain serving the national dish — fries, cheese curds, and gravy — in dozens of creative topping combinations.",Poutine
Tap & Pour,YYZ,A craft beer bar with rotating taps of Canadian and international craft beers alongside bar snacks.,Craft Beer Bar
Thai Express,YYZ,"A Canadian Thai fast-food chain serving pad thai, green curry, and Thai rice and noodle dishes made to order.",Thai Fast Food
The Burger Federation,YYZ,A gourmet burger concept serving handcrafted beef and plant-based burgers with creative toppings and sides.,Gourmet Burgers
The Dirty Bird Chicken & Waffles Express,YYZ,"An express format of the Toronto favourite, serving crispy Southern-style fried chicken layered on fluffy waffles with maple syrup.",Southern Fried Chicken
The Hearth by Lynn Crawford,YYZ,"A warm, hearth-inspired restaurant by Canadian celebrity chef Lynn Crawford, serving seasonal Canadian comfort food and wood-fired dishes.",Canadian
Torteria San Cosme,YYZ,A Mexican restaurant serving authentic tortas — hearty Mexican sandwiches on crusty rolls — with a variety of traditional fillings.,Mexican Tortas
Twist by Roger Mooking,YYZ,"A globally inspired restaurant by Canadian chef Roger Mooking, serving eclectic fusion dishes that blend Caribbean, Asian, and Canadian influences.",Global Fusion
Urban Market,YYZ,"A market-style café offering fresh salads, sandwiches, artisan snacks, and grab-and-go items for travellers.",Café & Market
Vinifera,YYZ,A wine bar serving a thoughtful selection of Canadian and international wines by the glass alongside charcuterie and cheese.,Wine Bar
Vino Volo Wine Bar,YYZ,"A US wine bar chain offering a rotating selection of wines by the glass, paired with artisan cheeses and small plates.",Wine Bar
AIR Bakery,ZRH,"An airport bakery serving freshly baked Swiss breads, pastries, and savoury baked goods throughout the day.",Swiss Bakery
AIR Restaurant,ZRH,A full-service restaurant serving Swiss and international dishes in a contemporary airport dining setting.,Swiss International
Alpenblick Bar,ZRH,"A Swiss mountain-themed bar serving Alpine beers, spirits, and classic Swiss snacks with views of the airfield.",Swiss Bar
Alpine Bar,ZRH,"A bar offering Swiss Alpine beers, wines, and light snacks in a cosy, mountain-lodge inspired setting.",Swiss Bar
Aviolino,ZRH,"An Italian restaurant serving freshly made pasta, risotto, and classic Italian dishes in a relaxed setting.",Italian
Babel Restaurant,ZRH,A cosmopolitan restaurant serving an international menu drawing on global culinary influences.,International
Bakeside,ZRH,"A bakery café serving Swiss and European pastries, fresh breads, sandwiches, and coffee drinks.",Bakery & Café
Bar Iris,ZRH,"A bar serving cocktails, wines, and aperitifs alongside light bites in an elegant lounge setting.",Cocktail Bar
Bellevue,ZRH,"A restaurant with views of the airport apron, serving Swiss-international dishes and Swiss wines in a classic setting.",Swiss International
Bye Bye Bar,ZRH,"A departure bar serving cocktails, wines, and farewell drinks alongside light snacks.",Bar
Caffè Spettacolo,ZRH,"An Italian espresso bar chain serving excellent espresso, cappuccinos, and Italian pastries in a lively setting.",Italian Coffee
Caviar House Seafood Bar,ZRH,"A luxury seafood bar serving Petrossian caviar, smoked salmon, oysters, and premium seafood platters with Champagne.",Fine Seafood
Center Bar and Kitchen,ZRH,"A central airport bar and kitchen serving a mix of Swiss and international dishes, cocktails, and craft beers.",International
Chalet Suisse,ZRH,"A Swiss chalet-themed restaurant serving classic Alpine dishes including fondue, raclette, and rösti.",Swiss Alpine
Chreis 14 / Café BelleVUE,ZRH,"A café inspired by Zurich's District 14 neighbourhood, serving Swiss-urban café food, coffee, and local snacks.",Swiss Café
Confiseur Bachmann,ZRH,"A central Swiss confectionery brand serving handcrafted chocolates, truffles, pastries, and traditional Swiss confections.",Swiss Confectionery
Edelweiss Café,ZRH,"A café named after Switzerland's national flower, serving Swiss pastries, coffee, and light Swiss lunch dishes.",Swiss Café
Greens,ZRH,"A plant-forward café serving vegetarian and vegan salads, grain bowls, and healthy fresh-cooked dishes.",Vegetarian
Holy Cow!,ZRH,A Swiss gourmet burger chain serving quality beef burgers made from Swiss-sourced meat with a range of creative toppings.,Gourmet Burgers
India,ZRH,"An Indian restaurant serving curries, tandoori dishes, biryanis, and traditional Indian breads in a full-service setting.",Indian
l'Oro di Napoli,ZRH,"An Italian pizzeria inspired by Naples, serving authentic Neapolitan-style pizza with San Marzano tomatoes and fior di latte.",Neapolitan Pizza
Little Orient,ZRH,"An Asian restaurant serving a mix of Chinese, Japanese, and Southeast Asian dishes including dim sum and noodles.",Pan-Asian
Negishi Sushi Bar,ZRH,"A Swiss-Japanese sushi chain serving fresh nigiri, sashimi, and maki rolls alongside Japanese rice and noodle dishes.",Japanese Sushi
Novu Campus Coffee Bar,ZRH,"A campus-style coffee bar serving specialty espresso drinks, cold brew, and light snacks in a modern setting.",Specialty Coffee
NZZ Café,ZRH,"A café from the Neue Zürcher Zeitung media brand serving Swiss coffee, newspapers, and light meals in a refined setting.",Swiss Café
Pizza,ZRH,A pizzeria serving freshly made thin-crust and thick-crust pizzas with classic and seasonal toppings.,Pizza
Rice Up!,ZRH,"A healthy grain bowl concept serving customisable rice bowls with a choice of proteins, vegetables, and sauces.",Healthy Bowls
Roots,ZRH,"A plant-based restaurant serving vegetarian and vegan dishes rooted in fresh, seasonal, locally sourced ingredients.",Vegetarian
Sablier Rooftop Restaurant & Bar,ZRH,A rooftop restaurant and bar serving Swiss and international dishes with panoramic views of the airport.,International
Sapori d'Italia,ZRH,"An Italian deli and café serving artisan pasta, antipasti, panini, and Italian wine in a casual setting.",Italian Deli
Sportsbar & Terrace,ZRH,"A sports bar with outdoor terrace serving cold beers, cocktails, and classic bar food during live sports events.",Sports Bar
Sprüngli Café-Bar,ZRH,"An outpost of Zurich's legendary Sprüngli confectionery house, serving their iconic Luxemburgerli macarons, truffles, and hot chocolate.",Swiss Confectionery
Startbar,ZRH,"A departure lounge bar serving pre-flight cocktails, wines, and light snacks for departing passengers.",Bar
Steiner Flughafebeck,ZRH,"A Swiss airport bakery serving freshly baked loaves, rolls, croissants, and Swiss-style baked goods.",Swiss Bakery
Sternen Grill,ZRH,"An outpost of Zurich's historic Sternen Grill, famous for its grilled bratwurst and Swiss sausages served with bread and mustard.",Swiss Sausages
The Gallery Restaurant,ZRH,"A full-service restaurant with an art gallery setting, serving Swiss and international cuisine in an elegant atmosphere.",Swiss International
TUK,ZRH,"A Thai street-food restaurant inspired by Bangkok's tuk-tuk culture, serving pad thai, curries, and Thai small plates.",Thai
Umaizushi,ZRH,"A Japanese sushi restaurant serving hand-crafted nigiri, sashimi, and rolls made with fresh fish.",Japanese Sushi
upperdeck,ZRH,"An airside bar and restaurant on the upper level, serving cocktails, wines, and light international dishes with apron views.",International Bar
Villa Antinori da Bindella,ZRH,"An Italian restaurant by the Bindella group, featuring wines from the Antinori estate alongside Tuscan dishes and pasta.",Italian Fine Dining
Zoom Restaurant & Bar,ZRH,"A restaurant and bar with panoramic views of the runway, serving Swiss and international dishes.",Swiss International
Zum Mitnäh (by Hyatt Regency),ZRH,"A Hyatt-operated grab-and-go café serving freshly prepared sandwiches, salads, pastries, and coffee.",Grab & Go
Züri Kafi,ZRH,"A classic Zurich-style café serving Swiss coffee, zopf (braided bread), and traditional Swiss breakfast and snack items.",Swiss Café
